Date,Dwelling Vessels,Total Dwell Pings,Port,Lane,Origin Country,Origin LPI,Avg Risk Score,Avg Sentiment,Event Count,Risk Score Lag7,Sentiment Lag7,Event Count Lag7,Lane Encoded
2024-01-01,10.0,3932.0,Seattle,Busan-Seattle,South Korea,3.8,0.3478827361563518,-1.864919256634433,614.0,1.6247557003257325,-0.0803619663259593,307.0,2
2024-01-02,11.0,4641.0,Seattle,Busan-Seattle,South Korea,3.8,-0.5500428449014574,-3.9382807446314367,1167.0,1.150328947368421,-0.7758266133076803,608.0,2
2024-01-03,14.0,4913.0,Seattle,Busan-Seattle,South Korea,3.8,-0.025224215246636872,-2.1277914085308414,892.0,-0.45749999999999996,-1.859443443824139,800.0,2
2024-01-04,17.0,4711.0,Seattle,Busan-Seattle,South Korea,3.8,-0.19079365079365093,-2.425886328939827,945.0,1.1175750834260278,-1.6753004191574075,899.0,2
2024-01-05,14.0,5267.0,Seattle,Busan-Seattle,South Korea,3.8,-1.8949635520212096,-3.244086428297342,1509.0,0.8360482654600303,-1.633628262570366,663.0,2
2024-01-06,12.0,3542.0,Seattle,Busan-Seattle,South Korea,3.8,-2.1552050473186126,-3.1474245775968295,634.0,0.007978723404255206,-1.0847453127401836,376.0,2
2024-01-07,7.0,2624.0,Seattle,Busan-Seattle,South Korea,3.8,-1.4923836389280674,-3.2992890664186603,709.0,0.033993399339934255,-1.1100000329894015,606.0,2
2024-01-08,8.0,2736.0,Seattle,Busan-Seattle,South Korea,3.8,0.2447470817120625,-1.741441818842036,771.0,0.3478827361563518,-1.864919256634433,614.0,2
2024-01-09,8.0,2562.0,Seattle,Busan-Seattle,South Korea,3.8,0.4611695906432747,-0.5933276912572638,855.0,-0.5500428449014574,-3.9382807446314367,1167.0,2
2024-01-10,13.0,3383.0,Seattle,Busan-Seattle,South Korea,3.8,0.6469945355191259,-2.0483053886878406,915.0,-0.025224215246636872,-2.1277914085308414,892.0,2
2024-01-11,11.0,3311.0,Seattle,Busan-Seattle,South Korea,3.8,1.0041567695962004,-1.2863504276794808,842.0,-0.19079365079365093,-2.425886328939827,945.0,2
2024-01-12,11.0,3848.0,Seattle,Busan-Seattle,South Korea,3.8,1.2642189586114825,-1.181433511798773,749.0,-1.8949635520212096,-3.244086428297342,1509.0,2
2024-01-13,12.0,4412.0,Seattle,Busan-Seattle,South Korea,3.8,0.7932907348242809,-1.336542174952325,313.0,-2.1552050473186126,-3.1474245775968295,634.0,2
2024-01-14,12.0,3295.0,Seattle,Busan-Seattle,South Korea,3.8,-0.9486133768352372,-2.0339768244992644,613.0,-1.4923836389280674,-3.2992890664186603,709.0,2
2024-01-15,11.0,3488.0,Seattle,Busan-Seattle,South Korea,3.8,0.043653250773993624,-0.9883759172197681,969.0,0.2447470817120625,-1.741441818842036,771.0,2
2024-01-16,11.0,2454.0,Seattle,Busan-Seattle,South Korea,3.8,0.6473186119873812,-1.2404560471916974,951.0,0.4611695906432747,-0.5933276912572638,855.0,2
2024-01-17,10.0,2656.0,Seattle,Busan-Seattle,South Korea,3.8,1.2333333333333334,-0.6500408429598525,1068.0,0.6469945355191259,-2.0483053886878406,915.0,2
2024-01-18,7.0,2588.0,Seattle,Busan-Seattle,South Korea,3.8,1.5928571428571432,-0.6020938938527074,966.0,1.0041567695962004,-1.2863504276794808,842.0,2
2024-01-19,9.0,3068.0,Seattle,Busan-Seattle,South Korea,3.8,1.0126659856996942,-1.3848791942903473,979.0,1.2642189586114825,-1.181433511798773,749.0,2
2024-01-20,10.0,3504.0,Seattle,Busan-Seattle,South Korea,3.8,-0.10671641791044763,-1.8237201464955157,402.0,0.7932907348242809,-1.336542174952325,313.0,2
2024-01-21,9.0,2601.0,Seattle,Busan-Seattle,South Korea,3.8,1.2030418250950567,-0.8714586244126,526.0,-0.9486133768352372,-2.0339768244992644,613.0,2
2024-01-22,8.0,2461.0,Seattle,Busan-Seattle,South Korea,3.8,0.7497005988023954,-1.0704654121609183,835.0,0.043653250773993624,-0.9883759172197681,969.0,2
2024-01-23,8.0,2901.0,Seattle,Busan-Seattle,South Korea,3.8,0.49912280701754375,-1.4120235555105412,684.0,0.6473186119873812,-1.2404560471916974,951.0,2
2024-01-24,12.0,3474.0,Seattle,Busan-Seattle,South Korea,3.8,-0.5203107658157596,-1.4892264880284747,901.0,1.2333333333333334,-0.6500408429598525,1068.0,2
2024-01-25,14.0,4481.0,Seattle,Busan-Seattle,South Korea,3.8,0.4310999999999999,-1.4690783727471666,1000.0,1.5928571428571432,-0.6020938938527074,966.0,2
2024-01-26,13.0,4164.0,Seattle,Busan-Seattle,South Korea,3.8,0.6449152542372882,-1.3964598013518323,826.0,1.0126659856996942,-1.3848791942903473,979.0,2
2024-01-27,11.0,3025.0,Seattle,Busan-Seattle,South Korea,3.8,0.6084848484848485,-0.6833275504367341,330.0,-0.10671641791044763,-1.8237201464955157,402.0,2
2024-01-28,7.0,3151.0,Seattle,Busan-Seattle,South Korea,3.8,-0.593223819301848,-1.7406056426902625,487.0,1.2030418250950567,-0.8714586244126,526.0,2
2024-01-29,9.0,3481.0,Seattle,Busan-Seattle,South Korea,3.8,0.5886944818304171,-0.5000735763867415,743.0,0.7497005988023954,-1.0704654121609183,835.0,2
2024-01-30,12.0,4114.0,Seattle,Busan-Seattle,South Korea,3.8,-0.09660023446658855,-1.1809606364011074,853.0,0.49912280701754375,-1.4120235555105412,684.0,2
2024-01-31,13.0,5122.0,Seattle,Busan-Seattle,South Korea,3.8,0.719889502762431,-1.4321210112448033,905.0,-0.5203107658157596,-1.4892264880284747,901.0,2
2024-02-01,15.0,5450.0,Seattle,Busan-Seattle,South Korea,3.8,1.6223821989528808,-1.0152574366141827,764.0,0.4310999999999999,-1.4690783727471666,1000.0,2
2024-02-02,16.0,4875.0,Seattle,Busan-Seattle,South Korea,3.8,0.05241477272727292,-0.5097432270435884,704.0,0.6449152542372882,-1.3964598013518323,826.0,2
2024-02-03,14.0,5518.0,Seattle,Busan-Seattle,South Korea,3.8,0.04256756756756769,-2.0595087838975856,444.0,0.6084848484848485,-0.6833275504367341,330.0,2
2024-02-04,9.0,3063.0,Seattle,Busan-Seattle,South Korea,3.8,0.6661590524534678,-2.306542928156568,591.0,-0.593223819301848,-1.7406056426902625,487.0,2
2024-02-05,8.0,2790.0,Seattle,Busan-Seattle,South Korea,3.8,1.0387288977159888,-1.8731017194087785,1007.0,0.5886944818304171,-0.5000735763867415,743.0,2
2024-02-06,9.0,3771.0,Seattle,Busan-Seattle,South Korea,3.8,1.638295454545455,-0.8010690100412438,880.0,-0.09660023446658855,-1.1809606364011074,853.0,2
2024-02-07,9.0,4143.0,Seattle,Busan-Seattle,South Korea,3.8,1.5515863689776723,-0.7454817012646835,851.0,0.719889502762431,-1.4321210112448033,905.0,2
2024-02-08,11.0,3833.0,Seattle,Busan-Seattle,South Korea,3.8,1.2402760351317452,-1.2950665408712947,797.0,1.6223821989528808,-1.0152574366141827,764.0,2
2024-02-09,11.0,3701.0,Seattle,Busan-Seattle,South Korea,3.8,1.0100970873786406,-1.316553087603286,515.0,0.05241477272727292,-0.5097432270435884,704.0,2
2024-02-10,13.0,3710.0,Seattle,Busan-Seattle,South Korea,3.8,1.3615591397849454,-1.1908241386589953,372.0,0.04256756756756769,-2.0595087838975856,444.0,2
2024-02-11,10.0,4112.0,Seattle,Busan-Seattle,South Korea,3.8,0.6158536585365856,-0.6556048081615908,246.0,0.6661590524534678,-2.306542928156568,591.0,2
2024-02-12,12.0,4047.0,Seattle,Busan-Seattle,South Korea,3.8,1.1419624217118995,-0.946727470276569,479.0,1.0387288977159888,-1.8731017194087785,1007.0,2
2024-02-13,12.0,4422.0,Seattle,Busan-Seattle,South Korea,3.8,1.5285251215559152,-0.21306139966606205,617.0,1.638295454545455,-0.8010690100412438,880.0,2
2024-02-14,15.0,4632.0,Seattle,Busan-Seattle,South Korea,3.8,0.5752362948960308,-1.181517014232549,1058.0,1.5515863689776723,-0.7454817012646835,851.0,2
2024-02-15,14.0,4857.0,Seattle,Busan-Seattle,South Korea,3.8,1.4963451776649765,-0.40080610836400893,985.0,1.2402760351317452,-1.2950665408712947,797.0,2
2024-02-16,15.0,5318.0,Seattle,Busan-Seattle,South Korea,3.8,1.1901155327342756,-0.8888690941527878,779.0,1.0100970873786406,-1.316553087603286,515.0,2
2024-02-17,14.0,4842.0,Seattle,Busan-Seattle,South Korea,3.8,1.0456834532374106,-1.2613988443339084,278.0,1.3615591397849454,-1.1908241386589953,372.0,2
2024-02-18,10.0,3536.0,Seattle,Busan-Seattle,South Korea,3.8,1.3186915887850468,-0.19963169581285167,321.0,0.6158536585365856,-0.6556048081615908,246.0,2
2024-02-19,10.0,2916.0,Seattle,Busan-Seattle,South Korea,3.8,1.9040268456375833,0.0007105675498753072,596.0,1.1419624217118995,-0.946727470276569,479.0,2
2024-02-20,8.0,3085.0,Seattle,Busan-Seattle,South Korea,3.8,1.1166666666666663,-0.6239805892300115,984.0,1.5285251215559152,-0.21306139966606205,617.0,2
2024-02-21,12.0,4013.0,Seattle,Busan-Seattle,South Korea,3.8,1.6543256997455478,-0.7449672326428045,786.0,0.5752362948960308,-1.181517014232549,1058.0,2
2024-02-22,14.0,4398.0,Seattle,Busan-Seattle,South Korea,3.8,1.6437837837837845,-0.4157386353026933,925.0,1.4963451776649765,-0.40080610836400893,985.0,2
2024-02-23,13.0,4166.0,Seattle,Busan-Seattle,South Korea,3.8,1.5860992907801434,-0.47283439584028725,705.0,1.1901155327342756,-0.8888690941527878,779.0,2
2024-02-24,14.0,3625.0,Seattle,Busan-Seattle,South Korea,3.8,1.3708791208791207,-0.4869233211720406,364.0,1.0456834532374106,-1.2613988443339084,278.0,2
2024-02-25,12.0,3632.0,Seattle,Busan-Seattle,South Korea,3.8,1.2843450479233225,0.2364809005812668,313.0,1.3186915887850468,-0.19963169581285167,321.0,2
2024-02-26,10.0,3622.0,Seattle,Busan-Seattle,South Korea,3.8,1.2262295081967198,-0.48482107443750455,732.0,1.9040268456375833,0.0007105675498753072,596.0,2
2024-02-27,12.0,4313.0,Seattle,Busan-Seattle,South Korea,3.8,1.6687969924812034,-0.14566218802687547,798.0,1.1166666666666663,-0.6239805892300115,984.0,2
2024-02-28,14.0,4545.0,Seattle,Busan-Seattle,South Korea,3.8,1.7360934182590237,-0.019856274554362105,942.0,1.6543256997455478,-0.7449672326428045,786.0,2
2024-02-29,14.0,4466.0,Seattle,Busan-Seattle,South Korea,3.8,1.6007658643326037,-0.25224955765302304,914.0,1.6437837837837845,-0.4157386353026933,925.0,2
2024-03-01,14.0,4995.0,Seattle,Busan-Seattle,South Korea,3.8,1.260471976401179,-0.37184797180714046,678.0,1.5860992907801434,-0.47283439584028725,705.0,2
2024-03-02,14.0,4684.0,Seattle,Busan-Seattle,South Korea,3.8,1.6808917197452227,-0.7262628024262592,314.0,1.3708791208791207,-0.4869233211720406,364.0,2
2024-03-03,11.0,3818.0,Seattle,Busan-Seattle,South Korea,3.8,0.5828124999999997,-0.6507817717767909,384.0,1.2843450479233225,0.2364809005812668,313.0,2
2024-03-04,11.0,3536.0,Seattle,Busan-Seattle,South Korea,3.8,0.5047156726768376,-0.8791746442511427,721.0,1.2262295081967198,-0.48482107443750455,732.0,2
2024-03-05,10.0,3901.0,Seattle,Busan-Seattle,South Korea,3.8,0.9484662576687121,-0.5809905772824289,978.0,1.6687969924812034,-0.14566218802687547,798.0,2
2024-03-06,11.0,3862.0,Seattle,Busan-Seattle,South Korea,3.8,1.0614723926380363,0.15287658351897837,815.0,1.7360934182590237,-0.019856274554362105,942.0,2
2024-03-07,9.0,3701.0,Seattle,Busan-Seattle,South Korea,3.8,0.6261479591836733,-0.8096901100018383,784.0,1.6007658643326037,-0.25224955765302304,914.0,2
2024-03-08,10.0,3623.0,Seattle,Busan-Seattle,South Korea,3.8,0.5403174603174603,-0.8053864391669266,630.0,1.260471976401179,-0.37184797180714046,678.0,2
2024-03-09,13.0,3783.0,Seattle,Busan-Seattle,South Korea,3.8,0.2709558823529413,-1.1317619525863016,272.0,1.6808917197452227,-0.7262628024262592,314.0,2
2024-03-10,11.0,3194.0,Seattle,Busan-Seattle,South Korea,3.8,1.6960655737704924,-0.7564902387255256,305.0,0.5828124999999997,-0.6507817717767909,384.0,2
2024-03-11,9.0,3534.0,Seattle,Busan-Seattle,South Korea,3.8,1.633964817320705,-0.17153961833505216,739.0,0.5047156726768376,-0.8791746442511427,721.0,2
2024-03-12,11.0,3603.0,Seattle,Busan-Seattle,South Korea,3.8,1.0751677852349,-1.5479919718061772,894.0,0.9484662576687121,-0.5809905772824289,978.0,2
2024-03-13,15.0,5449.0,Seattle,Busan-Seattle,South Korea,3.8,1.242671854734112,-0.7214123159638991,771.0,1.0614723926380363,0.15287658351897837,815.0,2
2024-03-14,16.0,6408.0,Seattle,Busan-Seattle,South Korea,3.8,1.573466666666667,-0.3591631795022461,750.0,0.6261479591836733,-0.8096901100018383,784.0,2
2024-03-15,19.0,6172.0,Seattle,Busan-Seattle,South Korea,3.8,1.3169435215946848,-1.0371395838969897,903.0,0.5403174603174603,-0.8053864391669266,630.0,2
2024-03-16,17.0,6376.0,Seattle,Busan-Seattle,South Korea,3.8,0.6937142857142853,-0.711010121995139,350.0,0.2709558823529413,-1.1317619525863016,272.0,2
2024-03-17,14.0,5223.0,Seattle,Busan-Seattle,South Korea,3.8,1.3664179104477612,-0.8538195783875817,536.0,1.6960655737704924,-0.7564902387255256,305.0,2
2024-03-18,13.0,5035.0,Seattle,Busan-Seattle,South Korea,3.8,0.36083623693379807,-0.8558134997705609,1435.0,1.633964817320705,-0.17153961833505216,739.0,2
2024-03-19,13.0,4415.0,Seattle,Busan-Seattle,South Korea,3.8,1.4788187372708756,-0.8162157278598063,982.0,1.0751677852349,-1.5479919718061772,894.0,2
2024-03-20,13.0,4102.0,Seattle,Busan-Seattle,South Korea,3.8,1.4553254437869818,0.053123869766375786,1014.0,1.242671854734112,-0.7214123159638991,771.0,2
2024-03-21,12.0,3303.0,Seattle,Busan-Seattle,South Korea,3.8,1.3330299089726914,-0.17652721588419173,769.0,1.573466666666667,-0.3591631795022461,750.0,2
2024-03-22,13.0,4347.0,Seattle,Busan-Seattle,South Korea,3.8,1.409561752988048,-0.7358549383415137,753.0,1.3169435215946848,-1.0371395838969897,903.0,2
2024-03-23,13.0,5020.0,Seattle,Busan-Seattle,South Korea,3.8,1.3824626865671643,-1.7736336084083184,268.0,0.6937142857142853,-0.711010121995139,350.0,2
2024-03-24,11.0,3297.0,Seattle,Busan-Seattle,South Korea,3.8,2.0032258064516135,-1.0187180256534967,341.0,1.3664179104477612,-0.8538195783875817,536.0,2
2024-03-25,8.0,2554.0,Seattle,Busan-Seattle,South Korea,3.8,1.7549783549783553,-0.25968194823419694,924.0,0.36083623693379807,-0.8558134997705609,1435.0,2
2024-03-26,9.0,3474.0,Seattle,Busan-Seattle,South Korea,3.8,1.7614921780986768,-0.0519932346031029,831.0,1.4788187372708756,-0.8162157278598063,982.0,2
2024-03-27,13.0,3786.0,Seattle,Busan-Seattle,South Korea,3.8,1.5437185929648247,0.14833469527251839,796.0,1.4553254437869818,0.053123869766375786,1014.0,2
2024-03-28,15.0,4238.0,Seattle,Busan-Seattle,South Korea,3.8,1.48217054263566,-0.5363332303174356,903.0,1.3330299089726914,-0.17652721588419173,769.0,2
2024-03-29,15.0,5557.0,Seattle,Busan-Seattle,South Korea,3.8,0.8987149532710287,-1.7454067534000435,856.0,1.409561752988048,-0.7358549383415137,753.0,2
2024-03-30,16.0,5948.0,Seattle,Busan-Seattle,South Korea,3.8,0.43027989821882995,-0.7089616966561464,393.0,1.3824626865671643,-1.7736336084083184,268.0,2
2024-03-31,12.0,4383.0,Seattle,Busan-Seattle,South Korea,3.8,1.1351724137931034,-0.11632671688840734,435.0,2.0032258064516135,-1.0187180256534967,341.0,2
2024-04-01,8.0,3782.0,Seattle,Busan-Seattle,South Korea,3.8,0.9642857142857152,0.022562248941931706,616.0,1.7549783549783553,-0.25968194823419694,924.0,2
2024-04-02,9.0,3802.0,Seattle,Busan-Seattle,South Korea,3.8,0.08385608856088528,-1.1896781009834303,1084.0,1.7614921780986768,-0.0519932346031029,831.0,2
2024-04-03,13.0,3900.0,Seattle,Busan-Seattle,South Korea,3.8,0.8272638753651415,-0.3838434934545632,1027.0,1.5437185929648247,0.14833469527251839,796.0,2
2024-04-04,13.0,4228.0,Seattle,Busan-Seattle,South Korea,3.8,1.3412483039348708,0.07375372339648904,737.0,1.48217054263566,-0.5363332303174356,903.0,2
2024-04-05,13.0,4886.0,Seattle,Busan-Seattle,South Korea,3.8,1.1742768595041317,-0.6191826037840429,968.0,0.8987149532710287,-1.7454067534000435,856.0,2
2024-04-06,13.0,4418.0,Seattle,Busan-Seattle,South Korea,3.8,1.080473372781065,-0.5685413266093243,338.0,0.43027989821882995,-0.7089616966561464,393.0,2
2024-04-07,10.0,3318.0,Seattle,Busan-Seattle,South Korea,3.8,0.4039312039312042,-1.536133257886797,407.0,1.1351724137931034,-0.11632671688840734,435.0,2
2024-04-08,11.0,4037.0,Seattle,Busan-Seattle,South Korea,3.8,0.9986238532110083,-0.3693701625444918,872.0,0.9642857142857152,0.022562248941931706,616.0,2
2024-04-09,11.0,3682.0,Seattle,Busan-Seattle,South Korea,3.8,1.7586040914560774,-0.25993140893706934,831.0,0.08385608856088528,-1.1896781009834303,1084.0,2
2024-04-10,16.0,4478.0,Seattle,Busan-Seattle,South Korea,3.8,1.0689700130378097,-0.42350290532430124,767.0,0.8272638753651415,-0.3838434934545632,1027.0,2
2024-04-11,14.0,5104.0,Seattle,Busan-Seattle,South Korea,3.8,1.7510353227771014,-1.0273334446242446,821.0,1.3412483039348708,0.07375372339648904,737.0,2
2024-04-12,16.0,4671.0,Seattle,Busan-Seattle,South Korea,3.8,1.9639200998751571,-0.39041088853785055,801.0,1.1742768595041317,-0.6191826037840429,968.0,2
2024-04-13,15.0,4198.0,Seattle,Busan-Seattle,South Korea,3.8,1.266898954703833,0.2483782545509003,287.0,1.080473372781065,-0.5685413266093243,338.0,2
2024-04-14,10.0,3074.0,Seattle,Busan-Seattle,South Korea,3.8,0.724125874125874,-0.9826911670967229,286.0,0.4039312039312042,-1.536133257886797,407.0,2
2024-04-15,12.0,3669.0,Seattle,Busan-Seattle,South Korea,3.8,1.839231824417009,-0.249564312149434,729.0,0.9986238532110083,-0.3693701625444918,872.0,2
2024-04-16,13.0,4486.0,Seattle,Busan-Seattle,South Korea,3.8,1.5459619952494068,-0.8611465956077525,842.0,1.7586040914560774,-0.25993140893706934,831.0,2
2024-04-17,14.0,3957.0,Seattle,Busan-Seattle,South Korea,3.8,1.230977620730272,-0.4779281745264037,849.0,1.0689700130378097,-0.42350290532430124,767.0,2
2024-04-18,13.0,4097.0,Seattle,Busan-Seattle,South Korea,3.8,1.7984669811320755,-0.23504565829202836,848.0,1.7510353227771014,-1.0273334446242446,821.0,2
2024-04-19,13.0,3291.0,Seattle,Busan-Seattle,South Korea,3.8,1.8024657534246582,-0.4241780405699334,730.0,1.9639200998751571,-0.39041088853785055,801.0,2
2024-04-20,10.0,2776.0,Seattle,Busan-Seattle,South Korea,3.8,1.2468085106382978,-0.44850469734427506,329.0,1.266898954703833,0.2483782545509003,287.0,2
2024-04-21,7.0,2484.0,Seattle,Busan-Seattle,South Korea,3.8,1.5403470715835135,-1.0694633184232016,461.0,0.724125874125874,-0.9826911670967229,286.0,2
2024-04-22,10.0,2731.0,Seattle,Busan-Seattle,South Korea,3.8,0.7868282402528973,-0.19277192945017446,949.0,1.839231824417009,-0.249564312149434,729.0,2
2024-04-23,9.0,2726.0,Seattle,Busan-Seattle,South Korea,3.8,0.9377470355731222,-0.560605794038603,1012.0,1.5459619952494068,-0.8611465956077525,842.0,2
2024-04-24,9.0,3306.0,Seattle,Busan-Seattle,South Korea,3.8,1.035649202733485,-0.4187969648080183,878.0,1.230977620730272,-0.4779281745264037,849.0,2
2024-04-25,11.0,3505.0,Seattle,Busan-Seattle,South Korea,3.8,1.459067357512953,0.06117410436163734,772.0,1.7984669811320755,-0.23504565829202836,848.0,2
2024-04-26,14.0,4127.0,Seattle,Busan-Seattle,South Korea,3.8,1.1684350132625998,-0.47647814246417886,754.0,1.8024657534246582,-0.4241780405699334,730.0,2
2024-04-27,13.0,4703.0,Seattle,Busan-Seattle,South Korea,3.8,0.9954225352112681,-1.0698055904006,284.0,1.2468085106382978,-0.44850469734427506,329.0,2
2024-04-28,9.0,2299.0,Seattle,Busan-Seattle,South Korea,3.8,1.7542857142857147,-0.07123111136385389,420.0,1.5403470715835135,-1.0694633184232016,461.0,2
2024-04-29,8.0,2360.0,Seattle,Busan-Seattle,South Korea,3.8,1.9488607594936718,-0.05156390238624502,790.0,0.7868282402528973,-0.19277192945017446,949.0,2
2024-04-30,9.0,2744.0,Seattle,Busan-Seattle,South Korea,3.8,1.500685871056241,-0.0015334539049972062,729.0,0.9377470355731222,-0.560605794038603,1012.0,2
2024-05-01,14.0,4144.0,Seattle,Busan-Seattle,South Korea,3.8,1.2797432239657627,0.20566876570651804,701.0,1.035649202733485,-0.4187969648080183,878.0,2
2024-05-02,12.0,4745.0,Seattle,Busan-Seattle,South Korea,3.8,1.1224669603524235,-0.25082626513890294,681.0,1.459067357512953,0.06117410436163734,772.0,2
2024-05-03,13.0,3931.0,Seattle,Busan-Seattle,South Korea,3.8,1.0446362515413068,-1.3400949051967337,811.0,1.1684350132625998,-0.47647814246417886,754.0,2
2024-05-04,13.0,4277.0,Seattle,Busan-Seattle,South Korea,3.8,0.953825136612022,-1.4910508835734675,366.0,0.9954225352112681,-1.0698055904006,284.0,2
2024-05-05,11.0,3324.0,Seattle,Busan-Seattle,South Korea,3.8,0.9661129568106309,-0.6066971775956174,301.0,1.7542857142857147,-0.07123111136385389,420.0,2
2024-05-06,13.0,3582.0,Seattle,Busan-Seattle,South Korea,3.8,1.8496093750000004,-0.5234276433357217,512.0,1.9488607594936718,-0.05156390238624502,790.0,2
2024-05-07,10.0,4528.0,Seattle,Busan-Seattle,South Korea,3.8,0.9698056801195812,-0.8311693681151323,669.0,1.500685871056241,-0.0015334539049972062,729.0,2
2024-05-08,14.0,5152.0,Seattle,Busan-Seattle,South Korea,3.8,1.3945454545454554,-0.6341805787897181,825.0,1.2797432239657627,0.20566876570651804,701.0,2
2024-05-09,14.0,4438.0,Seattle,Busan-Seattle,South Korea,3.8,1.3061246040126713,-0.9505129626987554,947.0,1.1224669603524235,-0.25082626513890294,681.0,2
2024-05-10,11.0,4029.0,Seattle,Busan-Seattle,South Korea,3.8,1.574554294975688,-0.31152826666986744,617.0,1.0446362515413068,-1.3400949051967337,811.0,2
2024-05-11,11.0,3508.0,Seattle,Busan-Seattle,South Korea,3.8,1.0389784946236558,-1.04613022501974,372.0,0.953825136612022,-1.4910508835734675,366.0,2
2024-05-12,8.0,3227.0,Seattle,Busan-Seattle,South Korea,3.8,1.3346246973365614,-0.5153955478232889,413.0,0.9661129568106309,-0.6066971775956174,301.0,2
2024-05-13,9.0,3337.0,Seattle,Busan-Seattle,South Korea,3.8,1.7111992071357776,-0.7924450396397089,1009.0,1.8496093750000004,-0.5234276433357217,512.0,2
2024-05-14,8.0,3236.0,Seattle,Busan-Seattle,South Korea,3.8,2.021052631578947,-0.11953351557349357,836.0,0.9698056801195812,-0.8311693681151323,669.0,2
2024-05-15,12.0,3621.0,Seattle,Busan-Seattle,South Korea,3.8,1.772503840245776,0.429303434026346,651.0,1.3945454545454554,-0.6341805787897181,825.0,2
2024-05-16,11.0,4017.0,Seattle,Busan-Seattle,South Korea,3.8,1.2460471567267681,-0.5167313952391361,721.0,1.3061246040126713,-0.9505129626987554,947.0,2
2024-05-17,13.0,3781.0,Seattle,Busan-Seattle,South Korea,3.8,0.4834429824561403,-1.4285478540403787,912.0,1.574554294975688,-0.31152826666986744,617.0,2
2024-05-18,13.0,5070.0,Seattle,Busan-Seattle,South Korea,3.8,0.6610638297872341,-0.41591967874666685,470.0,1.0389784946236558,-1.04613022501974,372.0,2
2024-05-19,11.0,5082.0,Seattle,Busan-Seattle,South Korea,3.8,1.616241299303945,0.3880212860839961,431.0,1.3346246973365614,-0.5153955478232889,413.0,2
2024-05-20,11.0,4243.0,Seattle,Busan-Seattle,South Korea,3.8,1.1742561448900388,-0.5311953041168457,773.0,1.7111992071357776,-0.7924450396397089,1009.0,2
2024-05-21,9.0,3555.0,Seattle,Busan-Seattle,South Korea,3.8,1.472582619339045,-0.3582265043051542,817.0,2.021052631578947,-0.11953351557349357,836.0,2
2024-05-22,11.0,3992.0,Seattle,Busan-Seattle,South Korea,3.8,1.857748184019369,0.47905612707222267,826.0,1.772503840245776,0.429303434026346,651.0,2
2024-05-23,10.0,2814.0,Seattle,Busan-Seattle,South Korea,3.8,2.220147874306836,0.14722254020914774,1082.0,1.2460471567267681,-0.5167313952391361,721.0,2
2024-05-24,10.0,3083.0,Seattle,Busan-Seattle,South Korea,3.8,1.3103301384451544,-0.9728611362039977,939.0,0.4834429824561403,-1.4285478540403787,912.0,2
2024-05-25,11.0,3510.0,Seattle,Busan-Seattle,South Korea,3.8,1.7772727272727278,-0.7912558388580171,506.0,0.6610638297872341,-0.41591967874666685,470.0,2
2024-05-26,11.0,3420.0,Seattle,Busan-Seattle,South Korea,3.8,2.4601275917065397,0.02378623354218687,1254.0,1.616241299303945,0.3880212860839961,431.0,2
2024-05-27,11.0,4242.0,Seattle,Busan-Seattle,South Korea,3.8,1.8053731343283579,-0.2862438884550547,1675.0,1.1742561448900388,-0.5311953041168457,773.0,2
2024-05-28,11.0,3257.0,Seattle,Busan-Seattle,South Korea,3.8,1.5360139860139856,-0.3971929173393601,1144.0,1.472582619339045,-0.3582265043051542,817.0,2
2024-05-29,12.0,3692.0,Seattle,Busan-Seattle,South Korea,3.8,0.48774999999999946,-1.153615484693803,1200.0,1.857748184019369,0.47905612707222267,826.0,2
2024-05-30,11.0,4240.0,Seattle,Busan-Seattle,South Korea,3.8,0.9426470588235296,-1.2936548029459132,1088.0,2.220147874306836,0.14722254020914774,1082.0,2
2024-05-31,12.0,5161.0,Seattle,Busan-Seattle,South Korea,3.8,0.7183226982680038,-0.7067635731653426,1097.0,1.3103301384451544,-0.9728611362039977,939.0,2
2024-06-01,13.0,5199.0,Seattle,Busan-Seattle,South Korea,3.8,0.8476112026359142,-1.1914114189155678,607.0,1.7772727272727278,-0.7912558388580171,506.0,2
2024-06-02,12.0,3152.0,Seattle,Busan-Seattle,South Korea,3.8,0.9559477124183011,-1.1114019172562226,765.0,2.4601275917065397,0.02378623354218687,1254.0,2
2024-06-03,9.0,3304.0,Seattle,Busan-Seattle,South Korea,3.8,1.7623409669211192,-0.20526589640068005,1179.0,1.8053731343283579,-0.2862438884550547,1675.0,2
2024-06-04,10.0,3251.0,Seattle,Busan-Seattle,South Korea,3.8,1.8094387755102033,0.013193216634533378,1176.0,1.5360139860139856,-0.3971929173393601,1144.0,2
2024-06-05,11.0,3773.0,Seattle,Busan-Seattle,South Korea,3.8,1.2187977099236635,-0.07974550066329295,1048.0,0.48774999999999946,-1.153615484693803,1200.0,2
2024-06-06,9.0,3223.0,Seattle,Busan-Seattle,South Korea,3.8,1.9577956989247314,0.3309459909008515,744.0,0.9426470588235296,-1.2936548029459132,1088.0,2
2024-06-07,13.0,3701.0,Seattle,Busan-Seattle,South Korea,3.8,1.3847031963470313,-0.3792508979885319,876.0,0.7183226982680038,-0.7067635731653426,1097.0,2
2024-06-08,13.0,4381.0,Seattle,Busan-Seattle,South Korea,3.8,1.2718681318681326,-0.61781641991225,455.0,0.8476112026359142,-1.1914114189155678,607.0,2
2024-06-09,8.0,3038.0,Seattle,Busan-Seattle,South Korea,3.8,0.11535714285714287,-2.1769199663192196,560.0,0.9559477124183011,-1.1114019172562226,765.0,2
2024-06-10,9.0,2925.0,Seattle,Busan-Seattle,South Korea,3.8,1.2998914223669922,-1.0111767915090975,921.0,1.7623409669211192,-0.20526589640068005,1179.0,2
2024-06-11,10.0,2693.0,Seattle,Busan-Seattle,South Korea,3.8,0.8008628954937684,-1.1770855327950511,1043.0,1.8094387755102033,0.013193216634533378,1176.0,2
2024-06-12,10.0,2856.0,Seattle,Busan-Seattle,South Korea,3.8,1.7435205183585323,-0.9572042268972583,926.0,1.2187977099236635,-0.07974550066329295,1048.0,2
2024-06-13,8.0,2636.0,Seattle,Busan-Seattle,South Korea,3.8,1.804122722914669,-0.38153375833967973,1043.0,1.9577956989247314,0.3309459909008515,744.0,2
2024-06-14,12.0,2134.0,Seattle,Busan-Seattle,South Korea,3.8,1.877344573234984,-0.334089067245004,949.0,1.3847031963470313,-0.3792508979885319,876.0,2
2024-06-15,9.0,2652.0,Seattle,Busan-Seattle,South Korea,3.8,0.9568306010928964,-1.5055601418637987,549.0,1.2718681318681326,-0.61781641991225,455.0,2
2024-06-16,6.0,1656.0,Seattle,Busan-Seattle,South Korea,3.8,0.7837127845884411,-1.727855867949588,571.0,0.11535714285714287,-2.1769199663192196,560.0,2
2024-06-17,7.0,2148.0,Seattle,Busan-Seattle,South Korea,3.8,1.5287646528403973,-0.9625350598893232,1109.0,1.2998914223669922,-1.0111767915090975,921.0,2
2024-06-18,6.0,2079.0,Seattle,Busan-Seattle,South Korea,3.8,0.9761838440111421,-0.9463495376029106,1436.0,0.8008628954937684,-1.1770855327950511,1043.0,2
2024-06-19,7.0,2126.0,Seattle,Busan-Seattle,South Korea,3.8,2.030848748639826,-0.36755268707138133,1838.0,1.7435205183585323,-0.9572042268972583,926.0,2
2024-06-20,10.0,2769.0,Seattle,Busan-Seattle,South Korea,3.8,1.9359128065395055,-0.7902434056015825,1835.0,1.804122722914669,-0.38153375833967973,1043.0,2
2024-06-21,11.0,2884.0,Seattle,Busan-Seattle,South Korea,3.8,1.0761244019138763,-1.6645013779559548,2090.0,1.877344573234984,-0.334089067245004,949.0,2
2024-06-22,11.0,3198.0,Seattle,Busan-Seattle,South Korea,3.8,1.3265984654731455,-1.392633434216212,782.0,0.9568306010928964,-1.5055601418637987,549.0,2
2024-06-23,7.0,2699.0,Seattle,Busan-Seattle,South Korea,3.8,2.0471854304635757,-0.9814002196154797,604.0,0.7837127845884411,-1.727855867949588,571.0,2
2024-06-24,5.0,2074.0,Seattle,Busan-Seattle,South Korea,3.8,0.8792840822543794,-1.7557292839952594,1313.0,1.5287646528403973,-0.9625350598893232,1109.0,2
2024-06-25,8.0,1577.0,Seattle,Busan-Seattle,South Korea,3.8,1.0575253256150516,-1.783050468387141,1382.0,0.9761838440111421,-0.9463495376029106,1436.0,2
2024-06-26,7.0,2093.0,Seattle,Busan-Seattle,South Korea,3.8,0.43591874422899357,-1.5274898553467882,1083.0,2.030848748639826,-0.36755268707138133,1838.0,2
2024-06-27,6.0,1979.0,Seattle,Busan-Seattle,South Korea,3.8,1.2064935064935065,-0.8097645219280171,1386.0,1.9359128065395055,-0.7902434056015825,1835.0,2
2024-06-28,8.0,1998.0,Seattle,Busan-Seattle,South Korea,3.8,1.1875245579567777,-0.043144854074302325,1018.0,1.0761244019138763,-1.6645013779559548,2090.0,2
2024-06-29,7.0,1954.0,Seattle,Busan-Seattle,South Korea,3.8,1.0156962025316454,-0.8490582868666502,395.0,1.3265984654731455,-1.392633434216212,782.0,2
2024-06-30,6.0,2010.0,Seattle,Busan-Seattle,South Korea,3.8,0.7313583815028898,-1.379831730523824,692.0,2.0471854304635757,-0.9814002196154797,604.0,2
2024-07-01,6.5,2526.5,Seattle,Busan-Seattle,South Korea,3.8,0.3283302063789868,-0.8888904320864435,1066.0,0.8792840822543794,-1.7557292839952594,1313.0,2
2024-07-02,7.0,3043.0,Seattle,Busan-Seattle,South Korea,3.8,0.6196025293586271,-0.7816616741765299,1107.0,1.0575253256150516,-1.783050468387141,1382.0,2
2024-07-03,10.0,3160.0,Seattle,Busan-Seattle,South Korea,3.8,1.9835164835164818,-0.3832409092086688,819.0,0.43591874422899357,-1.5274898553467882,1083.0,2
2024-07-04,8.0,2715.0,Seattle,Busan-Seattle,South Korea,3.8,1.7689333333333321,-0.3475001370634332,750.0,1.2064935064935065,-0.8097645219280171,1386.0,2
2024-07-05,8.0,2945.0,Seattle,Busan-Seattle,South Korea,3.8,1.216186556927298,-0.31025834148928133,729.0,1.1875245579567777,-0.043144854074302325,1018.0,2
2024-07-06,8.0,3366.0,Seattle,Busan-Seattle,South Korea,3.8,1.4252225519287836,-0.501247663988876,337.0,1.0156962025316454,-0.8490582868666502,395.0,2
2024-07-07,12.0,3148.0,Seattle,Busan-Seattle,South Korea,3.8,1.7589743589743592,-0.0801292046912,429.0,0.7313583815028898,-1.379831730523824,692.0,2
2024-07-08,9.0,3696.0,Seattle,Busan-Seattle,South Korea,3.8,1.2906713164777688,-1.194399334496,1147.0,0.3283302063789868,-0.8888904320864435,1066.0,2
2024-07-09,6.0,3312.0,Seattle,Busan-Seattle,South Korea,3.8,1.9772407732864676,-0.34952081299082627,1138.0,0.6196025293586271,-0.7816616741765299,1107.0,2
2024-07-10,11.0,4027.0,Seattle,Busan-Seattle,South Korea,3.8,2.011691542288558,-0.271923835125481,1206.0,1.9835164835164818,-0.3832409092086688,819.0,2
2024-07-11,10.0,4194.0,Seattle,Busan-Seattle,South Korea,3.8,1.9963957055214734,-0.5903634722821682,1304.0,1.7689333333333321,-0.3475001370634332,750.0,2
2024-07-12,10.0,4390.0,Seattle,Busan-Seattle,South Korea,3.8,1.3708193041526378,-0.6979247929089013,891.0,1.216186556927298,-0.31025834148928133,729.0,2
2024-07-13,14.0,4037.0,Seattle,Busan-Seattle,South Korea,3.8,1.0413513513513517,-0.4081470088778671,370.0,1.4252225519287836,-0.501247663988876,337.0,2
2024-07-14,10.0,3609.0,Seattle,Busan-Seattle,South Korea,3.8,1.1345070422535213,-1.6368916213655957,426.0,1.7589743589743592,-0.0801292046912,429.0,2
2024-07-15,10.0,3448.0,Seattle,Busan-Seattle,South Korea,3.8,1.0015105740181272,-1.0497501610711621,662.0,1.2906713164777688,-1.194399334496,1147.0,2
2024-07-16,12.0,3352.0,Seattle,Busan-Seattle,South Korea,3.8,1.3585127201565557,-1.3156921616098562,1022.0,1.9772407732864676,-0.34952081299082627,1138.0,2
2024-07-17,10.0,2826.0,Seattle,Busan-Seattle,South Korea,3.8,1.1510948905109486,-0.03669461695836425,959.0,2.011691542288558,-0.271923835125481,1206.0,2
2024-07-18,10.0,2771.0,Seattle,Busan-Seattle,South Korea,3.8,1.215532994923857,-0.6619129414186959,985.0,1.9963957055214734,-0.5903634722821682,1304.0,2
2024-07-19,8.0,2866.0,Seattle,Busan-Seattle,South Korea,3.8,0.5305194805194804,-1.4045032995418678,770.0,1.3708193041526378,-0.6979247929089013,891.0,2
2024-07-20,10.0,2519.0,Seattle,Busan-Seattle,South Korea,3.8,0.14836363636363636,-2.3150422258503367,275.0,1.0413513513513517,-0.4081470088778671,370.0,2
2024-07-21,7.0,1856.0,Seattle,Busan-Seattle,South Korea,3.8,0.8535637149028077,-1.5583068917015996,463.0,1.1345070422535213,-1.6368916213655957,426.0,2
2024-07-22,5.0,2096.0,Seattle,Busan-Seattle,South Korea,3.8,1.387408312958435,-0.6287417954904974,818.0,1.0015105740181272,-1.0497501610711621,662.0,2
2024-07-23,8.0,2324.0,Seattle,Busan-Seattle,South Korea,3.8,1.4575566750629723,-0.29935636854929304,794.0,1.3585127201565557,-1.3156921616098562,1022.0,2
2024-07-24,7.0,2255.0,Seattle,Busan-Seattle,South Korea,3.8,1.02720207253886,-0.8289910732567725,772.0,1.1510948905109486,-0.03669461695836425,959.0,2
2024-07-25,10.0,2762.0,Seattle,Busan-Seattle,South Korea,3.8,1.6611963190184051,-0.7919879857463709,652.0,1.215532994923857,-0.6619129414186959,985.0,2
2024-07-26,13.0,3513.0,Seattle,Busan-Seattle,South Korea,3.8,1.285476550680786,-0.9609260013063177,661.0,0.5305194805194804,-1.4045032995418678,770.0,2
2024-07-27,12.0,4525.0,Seattle,Busan-Seattle,South Korea,3.8,0.9436672967863897,-0.8455364927938186,529.0,0.14836363636363636,-2.3150422258503367,275.0,2
2024-07-28,10.0,3060.0,Seattle,Busan-Seattle,South Korea,3.8,1.9842381786339733,-0.8582415055652857,571.0,0.8535637149028077,-1.5583068917015996,463.0,2
2024-07-29,7.0,2114.0,Seattle,Busan-Seattle,South Korea,3.8,1.7504305043050432,-0.45538543977951174,813.0,1.387408312958435,-0.6287417954904974,818.0,2
2024-07-30,5.0,1723.0,Seattle,Busan-Seattle,South Korea,3.8,1.3397959183673473,-0.33534163599010064,686.0,1.4575566750629723,-0.29935636854929304,794.0,2
2024-07-31,7.0,2158.0,Seattle,Busan-Seattle,South Korea,3.8,1.1552217453505003,-0.4029383294958683,699.0,1.02720207253886,-0.8289910732567725,772.0,2
2024-08-01,10.0,2558.0,Seattle,Busan-Seattle,South Korea,3.8,0.9930153321976152,-1.2464590683707868,587.0,1.6611963190184051,-0.7919879857463709,652.0,2
2024-08-02,9.0,1988.0,Seattle,Busan-Seattle,South Korea,3.8,1.0519572953736653,-0.7687342423369847,562.0,1.285476550680786,-0.9609260013063177,661.0,2
2024-08-03,7.0,1718.0,Seattle,Busan-Seattle,South Korea,3.8,0.8287425149700599,-1.1440887034951068,334.0,0.9436672967863897,-0.8455364927938186,529.0,2
2024-08-04,6.0,2156.0,Seattle,Busan-Seattle,South Korea,3.8,0.6443127962085305,-2.2177724051225476,422.0,1.9842381786339733,-0.8582415055652857,571.0,2
2024-08-05,7.0,3018.0,Seattle,Busan-Seattle,South Korea,3.8,0.5024778761061945,-0.7409795847898915,565.0,1.7504305043050432,-0.45538543977951174,813.0,2
2024-08-06,10.0,3215.0,Seattle,Busan-Seattle,South Korea,3.8,1.3151181102362186,-1.3410352282570521,635.0,1.3397959183673473,-0.33534163599010064,686.0,2
2024-08-07,10.0,3222.0,Seattle,Busan-Seattle,South Korea,3.8,0.925121555915721,-1.3991521932629096,617.0,1.1552217453505003,-0.4029383294958683,699.0,2
2024-08-08,10.0,2683.0,Seattle,Busan-Seattle,South Korea,3.8,0.9641233766233767,-0.9365155826250506,616.0,0.9930153321976152,-1.2464590683707868,587.0,2
2024-08-09,9.0,3553.0,Seattle,Busan-Seattle,South Korea,3.8,1.1538784067085952,-0.7524057807364049,477.0,1.0519572953736653,-0.7687342423369847,562.0,2
2024-08-10,11.0,4248.0,Seattle,Busan-Seattle,South Korea,3.8,0.906962025316456,-1.2684371094510953,316.0,0.8287425149700599,-1.1440887034951068,334.0,2
2024-08-11,11.0,3638.0,Seattle,Busan-Seattle,South Korea,3.8,1.6611111111111105,-0.5761487051977242,252.0,0.6443127962085305,-2.2177724051225476,422.0,2
2024-08-12,11.0,3645.0,Seattle,Busan-Seattle,South Korea,3.8,1.183590462833099,-0.4795027252102994,713.0,0.5024778761061945,-0.7409795847898915,565.0,2
2024-08-13,9.0,3307.0,Seattle,Busan-Seattle,South Korea,3.8,1.4118155619596546,-0.46385946902957287,694.0,1.3151181102362186,-1.3410352282570521,635.0,2
2024-08-14,12.0,3863.0,Seattle,Busan-Seattle,South Korea,3.8,1.5107413010590014,0.10149228776378601,661.0,0.925121555915721,-1.3991521932629096,617.0,2
2024-08-15,10.0,3748.0,Seattle,Busan-Seattle,South Korea,3.8,1.5088669950738918,-0.5358013497258654,812.0,0.9641233766233767,-0.9365155826250506,616.0,2
2024-08-16,11.0,2797.0,Seattle,Busan-Seattle,South Korea,3.8,1.3786604361370722,-0.1735166693347887,642.0,1.1538784067085952,-0.7524057807364049,477.0,2
2024-08-17,10.0,2440.0,Seattle,Busan-Seattle,South Korea,3.8,1.043840579710145,-1.2785500063108568,276.0,0.906962025316456,-1.2684371094510953,316.0,2
2024-08-18,6.0,2001.0,Seattle,Busan-Seattle,South Korea,3.8,1.095490196078432,-1.4114943558011006,510.0,1.6611111111111105,-0.5761487051977242,252.0,2
2024-08-19,9.0,2423.0,Seattle,Busan-Seattle,South Korea,3.8,0.9409879839786385,-2.0336506376793118,749.0,1.183590462833099,-0.4795027252102994,713.0,2
2024-08-20,7.0,1761.0,Seattle,Busan-Seattle,South Korea,3.8,1.11833568406206,-0.9356770708517098,709.0,1.4118155619596546,-0.46385946902957287,694.0,2
2024-08-21,7.0,1929.0,Seattle,Busan-Seattle,South Korea,3.8,1.3942307692307687,-0.7827556102409065,572.0,1.5107413010590014,0.10149228776378601,661.0,2
2024-08-22,8.0,2490.0,Seattle,Busan-Seattle,South Korea,3.8,1.3141706924315621,-0.3842021776012661,621.0,1.5088669950738918,-0.5358013497258654,812.0,2
2024-08-23,11.0,3115.0,Seattle,Busan-Seattle,South Korea,3.8,1.54200323101777,-0.6284015292687865,619.0,1.3786604361370722,-0.1735166693347887,642.0,2
2024-08-24,8.0,2669.0,Seattle,Busan-Seattle,South Korea,3.8,1.429152542372881,-0.6491109673658026,295.0,1.043840579710145,-1.2785500063108568,276.0,2
2024-08-25,6.0,2500.0,Seattle,Busan-Seattle,South Korea,3.8,1.4944805194805193,-0.9522283347351395,308.0,1.095490196078432,-1.4114943558011006,510.0,2
2024-08-26,6.0,2013.0,Seattle,Busan-Seattle,South Korea,3.8,0.9994743758212885,-1.3877245777527145,761.0,0.9409879839786385,-2.0336506376793118,749.0,2
2024-08-27,9.0,2031.0,Seattle,Busan-Seattle,South Korea,3.8,1.4898437500000006,-1.3549651408296106,768.0,1.11833568406206,-0.9356770708517098,709.0,2
2024-08-28,10.0,3212.0,Seattle,Busan-Seattle,South Korea,3.8,1.7348837209302321,-0.5311938180014237,817.0,1.3942307692307687,-0.7827556102409065,572.0,2
2024-08-29,10.0,3674.0,Seattle,Busan-Seattle,South Korea,3.8,0.6089309878213803,-1.5164261777263963,739.0,1.3141706924315621,-0.3842021776012661,621.0,2
2024-08-30,10.0,3643.0,Seattle,Busan-Seattle,South Korea,3.8,0.7235376044568246,-0.563698227471273,718.0,1.54200323101777,-0.6284015292687865,619.0,2
2024-08-31,7.0,2554.0,Seattle,Busan-Seattle,South Korea,3.8,1.3419672131147538,-0.49638332758981574,305.0,1.429152542372881,-0.6491109673658026,295.0,2
2024-09-01,6.0,2022.0,Seattle,Busan-Seattle,South Korea,3.8,1.965422885572139,0.2261891264189167,402.0,1.4944805194805193,-0.9522283347351395,308.0,2
2024-09-02,6.0,1863.0,Seattle,Busan-Seattle,South Korea,3.8,1.3172119487908953,-0.2722252543962539,703.0,0.9994743758212885,-1.3877245777527145,761.0,2
2024-09-03,8.0,2254.0,Seattle,Busan-Seattle,South Korea,3.8,1.6890339425587468,-0.5398722249287584,766.0,1.4898437500000006,-1.3549651408296106,768.0,2
2024-09-04,11.0,2938.0,Seattle,Busan-Seattle,South Korea,3.8,1.203082851637765,-0.8700719551855736,1038.0,1.7348837209302321,-0.5311938180014237,817.0,2
2024-09-05,10.0,3131.0,Seattle,Busan-Seattle,South Korea,3.8,1.5325170068027214,-1.007009815717961,735.0,0.6089309878213803,-1.5164261777263963,739.0,2
2024-09-06,12.0,3287.0,Seattle,Busan-Seattle,South Korea,3.8,1.571134020618557,-0.5753012190638538,970.0,0.7235376044568246,-0.563698227471273,718.0,2
2024-09-07,11.0,2522.0,Seattle,Busan-Seattle,South Korea,3.8,1.1752238805970148,-1.0316626030513263,335.0,1.3419672131147538,-0.49638332758981574,305.0,2
2024-09-08,6.0,1731.0,Seattle,Busan-Seattle,South Korea,3.8,1.810955056179775,-0.7336866623469005,356.0,1.965422885572139,0.2261891264189167,402.0,2
2024-09-09,7.0,2975.0,Seattle,Busan-Seattle,South Korea,3.8,1.4333743842364528,-0.33954494454645845,812.0,1.3172119487908953,-0.2722252543962539,703.0,2
2024-09-10,8.0,2492.0,Seattle,Busan-Seattle,South Korea,3.8,1.434044823906084,-0.27646709933002234,937.0,1.6890339425587468,-0.5398722249287584,766.0,2
2024-09-11,9.0,3373.0,Seattle,Busan-Seattle,South Korea,3.8,1.432525510204081,-0.5026910915332407,784.0,1.203082851637765,-0.8700719551855736,1038.0,2
2024-09-12,10.0,2704.0,Seattle,Busan-Seattle,South Korea,3.8,0.6022448979591837,-1.1029125309866759,980.0,1.5325170068027214,-1.007009815717961,735.0,2
2024-09-13,8.0,2017.0,Seattle,Busan-Seattle,South Korea,3.8,0.8236966824644547,-0.41502879178459307,844.0,1.571134020618557,-0.5753012190638538,970.0,2
2024-09-14,7.0,1722.0,Seattle,Busan-Seattle,South Korea,3.8,1.093120393120393,0.150402169030816,407.0,1.1752238805970148,-1.0316626030513263,335.0,2
2024-09-15,5.0,772.0,Seattle,Busan-Seattle,South Korea,3.8,1.1926984126984128,-0.34499821961717014,315.0,1.810955056179775,-0.7336866623469005,356.0,2
2024-09-16,4.0,1775.0,Seattle,Busan-Seattle,South Korea,3.8,1.4440476190476188,-0.7287276486248246,336.0,1.4333743842364528,-0.33954494454645845,812.0,2
2024-09-17,5.0,1808.0,Seattle,Busan-Seattle,South Korea,3.8,1.971764705882353,0.27715276643240905,340.0,1.434044823906084,-0.27646709933002234,937.0,2
2024-09-18,9.0,2233.0,Seattle,Busan-Seattle,South Korea,3.8,0.3597951344430217,-0.5456845044853752,781.0,1.432525510204081,-0.5026910915332407,784.0,2
2024-09-19,9.0,2914.0,Seattle,Busan-Seattle,South Korea,3.8,0.2699599465954606,-0.6187594017659,749.0,0.6022448979591837,-1.1029125309866759,980.0,2
2024-09-20,10.0,3304.0,Seattle,Busan-Seattle,South Korea,3.8,1.3157185628742503,-0.8799269698674667,668.0,0.8236966824644547,-0.41502879178459307,844.0,2
2024-09-21,12.0,3973.0,Seattle,Busan-Seattle,South Korea,3.8,1.0618918918918918,-2.0607533934206996,370.0,1.093120393120393,0.150402169030816,407.0,2
2024-09-22,12.0,3917.0,Seattle,Busan-Seattle,South Korea,3.8,2.236197916666666,-0.5884234458435251,384.0,1.1926984126984128,-0.34499821961717014,315.0,2
2024-09-23,12.0,4176.0,Seattle,Busan-Seattle,South Korea,3.8,2.0589058524173027,0.16571607078728295,786.0,1.4440476190476188,-0.7287276486248246,336.0,2
2024-09-24,15.0,3763.0,Seattle,Busan-Seattle,South Korea,3.8,1.5575596816976123,-0.3904226523135882,754.0,1.971764705882353,0.27715276643240905,340.0,2
2024-09-25,13.0,3904.0,Seattle,Busan-Seattle,South Korea,3.8,1.4247838616714696,-0.2680686321473216,694.0,0.3597951344430217,-0.5456845044853752,781.0,2
2024-09-26,13.0,3891.0,Seattle,Busan-Seattle,South Korea,3.8,1.2295238095238104,-0.04168430501923594,630.0,0.2699599465954606,-0.6187594017659,749.0,2
2024-09-27,12.0,3828.0,Seattle,Busan-Seattle,South Korea,3.8,1.8336270190895738,-0.029525172676115097,681.0,1.3157185628742503,-0.8799269698674667,668.0,2
2024-09-28,13.0,4553.0,Seattle,Busan-Seattle,South Korea,3.8,1.278661087866109,0.7126386030841909,239.0,1.0618918918918918,-2.0607533934206996,370.0,2
2024-09-29,12.0,4279.0,Seattle,Busan-Seattle,South Korea,3.8,1.8152119700748137,-0.042924490569855575,401.0,2.236197916666666,-0.5884234458435251,384.0,2
2024-09-30,11.0,3128.0,Seattle,Busan-Seattle,South Korea,3.8,1.3363744075829387,-0.4951051646198669,844.0,2.0589058524173027,0.16571607078728295,786.0,2
2024-10-01,9.0,2319.0,Seattle,Busan-Seattle,South Korea,3.8,0.286910197869102,-0.8908785968743836,657.0,1.5575596816976123,-0.3904226523135882,754.0,2
2024-10-02,9.0,2923.0,Seattle,Busan-Seattle,South Korea,3.8,1.3028154327424408,-1.2324794114561968,959.0,1.4247838616714696,-0.2680686321473216,694.0,2
2024-10-03,10.0,2689.0,Seattle,Busan-Seattle,South Korea,3.8,1.3929899856938484,-0.15339557240249713,699.0,1.2295238095238104,-0.04168430501923594,630.0,2
2024-10-04,12.0,3055.0,Seattle,Busan-Seattle,South Korea,3.8,1.3368487928843706,-0.21081636789878377,787.0,1.8336270190895738,-0.029525172676115097,681.0,2
2024-10-05,12.0,3709.0,Seattle,Busan-Seattle,South Korea,3.8,0.6699541284403667,-1.3441685124066547,436.0,1.278661087866109,0.7126386030841909,239.0,2
2024-10-06,6.0,2220.0,Seattle,Busan-Seattle,South Korea,3.8,1.686503067484663,-0.19156449624246893,489.0,1.8152119700748137,-0.042924490569855575,401.0,2
2024-10-07,6.0,2876.0,Seattle,Busan-Seattle,South Korea,3.8,2.07620545073375,0.02053133707791977,954.0,1.3363744075829387,-0.4951051646198669,844.0,2
2024-10-08,6.0,3062.0,Seattle,Busan-Seattle,South Korea,3.8,1.7725978647686833,-0.3101522271284145,1124.0,0.286910197869102,-0.8908785968743836,657.0,2
2024-10-09,6.0,1709.0,Seattle,Busan-Seattle,South Korea,3.8,0.834389671361502,-0.5630796273145084,852.0,1.3028154327424408,-1.2324794114561968,959.0,2
2024-10-10,8.0,1839.0,Seattle,Busan-Seattle,South Korea,3.8,1.2934027777777783,0.25554077814357734,1152.0,1.3929899856938484,-0.15339557240249713,699.0,2
2024-10-11,9.0,2241.0,Seattle,Busan-Seattle,South Korea,3.8,1.0183505154639168,-0.34422365656075105,970.0,1.3368487928843706,-0.21081636789878377,787.0,2
2024-10-12,10.0,2157.0,Seattle,Busan-Seattle,South Korea,3.8,0.6448398576512456,-0.9502944285793852,562.0,0.6699541284403667,-1.3441685124066547,436.0,2
2024-10-13,9.0,3961.0,Seattle,Busan-Seattle,South Korea,3.8,0.7762237762237765,-1.9164266309397742,572.0,1.686503067484663,-0.19156449624246893,489.0,2
2024-10-14,10.0,3565.0,Seattle,Busan-Seattle,South Korea,3.8,1.1154891304347831,-1.4445618978143682,1104.0,2.07620545073375,0.02053133707791977,954.0,2
2024-10-15,8.0,2382.0,Seattle,Busan-Seattle,South Korea,3.8,-0.25388418079096053,-2.2247329948536305,1416.0,1.7725978647686833,-0.3101522271284145,1124.0,2
2024-10-16,8.0,3152.0,Seattle,Busan-Seattle,South Korea,3.8,0.725543478260869,-1.7771723477134747,1288.0,0.834389671361502,-0.5630796273145084,852.0,2
2024-10-17,11.0,2715.0,Seattle,Busan-Seattle,South Korea,3.8,1.2150088809946713,-1.4298328843323067,1126.0,1.2934027777777783,0.25554077814357734,1152.0,2
2024-10-18,9.0,2380.0,Seattle,Busan-Seattle,South Korea,3.8,1.4263531984691078,-1.3493783758973956,1829.0,1.0183505154639168,-0.34422365656075105,970.0,2
2024-10-19,8.0,2481.0,Seattle,Busan-Seattle,South Korea,3.8,1.0963152507676555,-2.135716486369959,977.0,0.6448398576512456,-0.9502944285793852,562.0,2
2024-10-20,7.0,2041.0,Seattle,Busan-Seattle,South Korea,3.8,1.2986506746626685,-1.3230256275388497,667.0,0.7762237762237765,-1.9164266309397742,572.0,2
2024-10-21,7.0,2612.0,Seattle,Busan-Seattle,South Korea,3.8,1.3282450170150712,-1.4580330315223748,2057.0,1.1154891304347831,-1.4445618978143682,1104.0,2
2024-10-22,7.0,1889.0,Seattle,Busan-Seattle,South Korea,3.8,1.2982113821138201,-1.8075249317989506,2460.0,-0.25388418079096053,-2.2247329948536305,1416.0,2
2024-10-23,9.0,1928.0,Seattle,Busan-Seattle,South Korea,3.8,1.562725709372312,-1.4894778101055763,2326.0,0.725543478260869,-1.7771723477134747,1288.0,2
2024-10-24,10.0,3278.0,Seattle,Busan-Seattle,South Korea,3.8,1.1693981481481488,-1.6576043998125671,2160.0,1.2150088809946713,-1.4298328843323067,1126.0,2
2024-10-25,12.0,3494.0,Seattle,Busan-Seattle,South Korea,3.8,1.2143876990664453,-1.711779643069034,1821.0,1.4263531984691078,-1.3493783758973956,1829.0,2
2024-10-26,12.0,4107.0,Seattle,Busan-Seattle,South Korea,3.8,1.2445966514459674,-1.6828443597553462,657.0,1.0963152507676555,-2.135716486369959,977.0,2
2024-10-27,10.0,2900.0,Seattle,Busan-Seattle,South Korea,3.8,0.8292153589315525,-1.4930894659587697,599.0,1.2986506746626685,-1.3230256275388497,667.0,2
2024-10-28,8.0,2794.0,Seattle,Busan-Seattle,South Korea,3.8,1.2459818731117827,-1.5342802442421073,1655.0,1.3282450170150712,-1.4580330315223748,2057.0,2
2024-10-29,8.0,2923.0,Seattle,Busan-Seattle,South Korea,3.8,1.245357524012807,-1.2986244188370777,1874.0,1.2982113821138201,-1.8075249317989506,2460.0,2
2024-10-30,14.0,3404.0,Seattle,Busan-Seattle,South Korea,3.8,1.1877401129943512,-1.2277304890625156,1770.0,1.562725709372312,-1.4894778101055763,2326.0,2
2024-10-31,12.0,3987.0,Seattle,Busan-Seattle,South Korea,3.8,0.5252762430939228,-1.7535683882135586,2172.0,1.1693981481481488,-1.6576043998125671,2160.0,2
2024-11-01,15.0,3077.0,Seattle,Busan-Seattle,South Korea,3.8,0.5847398843930638,-1.2160151106139039,1730.0,1.2143876990664453,-1.711779643069034,1821.0,2
2024-11-02,11.0,3326.0,Seattle,Busan-Seattle,South Korea,3.8,0.6989425981873107,-1.4154839978756573,662.0,1.2445966514459674,-1.6828443597553462,657.0,2
2024-11-03,9.0,3103.0,Seattle,Busan-Seattle,South Korea,3.8,1.516246056782335,-0.938466675128127,634.0,0.8292153589315525,-1.4930894659587697,599.0,2
2024-11-04,14.0,3324.0,Seattle,Busan-Seattle,South Korea,3.8,1.4310600444773909,-0.978324127594424,1349.0,1.2459818731117827,-1.5342802442421073,1655.0,2
2024-11-05,11.0,4372.0,Seattle,Busan-Seattle,South Korea,3.8,0.37143874643874647,-1.182379827947276,1404.0,1.245357524012807,-1.2986244188370777,1874.0,2
2024-11-06,12.0,4449.0,Seattle,Busan-Seattle,South Korea,3.8,0.8745390693590874,-0.5372111363638219,1139.0,1.1877401129943512,-1.2277304890625156,1770.0,2
2024-11-07,14.0,4308.0,Seattle,Busan-Seattle,South Korea,3.8,1.7232967032967017,-0.5807417682315515,1365.0,0.5252762430939228,-1.7535683882135586,2172.0,2
2024-11-08,11.0,4122.0,Seattle,Busan-Seattle,South Korea,3.8,0.4608034744842556,-1.3790521921495271,921.0,0.5847398843930638,-1.2160151106139039,1730.0,2
2024-11-09,13.0,4386.0,Seattle,Busan-Seattle,South Korea,3.8,-0.19244966442952988,-2.255549073860145,596.0,0.6989425981873107,-1.4154839978756573,662.0,2
2024-11-10,10.0,2782.0,Seattle,Busan-Seattle,South Korea,3.8,0.9383429672447013,-1.1313974564071563,519.0,1.516246056782335,-0.938466675128127,634.0,2
2024-11-11,11.0,3510.0,Seattle,Busan-Seattle,South Korea,3.8,1.4370988446726587,-0.8735480642534847,779.0,1.4310600444773909,-0.978324127594424,1349.0,2
2024-11-12,13.0,4672.0,Seattle,Busan-Seattle,South Korea,3.8,1.2803410230692074,-0.49577513119791133,997.0,0.37143874643874647,-1.182379827947276,1404.0,2
2024-11-13,13.0,4480.0,Seattle,Busan-Seattle,South Korea,3.8,0.9666356011183588,-1.2348873268857403,1073.0,0.8745390693590874,-0.5372111363638219,1139.0,2
2024-11-14,11.0,3801.0,Seattle,Busan-Seattle,South Korea,3.8,1.209582542694498,-0.729204308275344,1054.0,1.7232967032967017,-0.5807417682315515,1365.0,2
2024-11-15,11.0,4455.0,Seattle,Busan-Seattle,South Korea,3.8,1.2024756852343057,-1.3980712509108588,1131.0,0.4608034744842556,-1.3790521921495271,921.0,2
2024-11-16,14.0,3584.0,Seattle,Busan-Seattle,South Korea,3.8,1.495447870778268,-0.27120093026387737,681.0,-0.19244966442952988,-2.255549073860145,596.0,2
2024-11-17,15.0,5900.0,Seattle,Busan-Seattle,South Korea,3.8,1.5369911504424774,-1.086823823506428,565.0,0.9383429672447013,-1.1313974564071563,519.0,2
2024-11-18,14.0,4410.0,Seattle,Busan-Seattle,South Korea,3.8,1.0594123048668485,-0.6994551374474067,1089.0,1.4370988446726587,-0.8735480642534847,779.0,2
2024-11-19,14.0,3291.0,Seattle,Busan-Seattle,South Korea,3.8,1.049662921348315,-0.8611197377816455,890.0,1.2803410230692074,-0.49577513119791133,997.0,2
2024-11-20,15.0,2214.0,Seattle,Busan-Seattle,South Korea,3.8,1.4481313703284249,-0.6911454256358335,883.0,0.9666356011183588,-1.2348873268857403,1073.0,2
2024-11-21,12.0,3911.0,Seattle,Busan-Seattle,South Korea,3.8,1.534525139664805,0.0174351259090037,895.0,1.209582542694498,-0.729204308275344,1054.0,2
2024-11-22,16.0,3107.0,Seattle,Busan-Seattle,South Korea,3.8,1.414570230607968,-0.641672410159822,954.0,1.2024756852343057,-1.3980712509108588,1131.0,2
2024-11-23,13.0,3358.0,Seattle,Busan-Seattle,South Korea,3.8,0.8272164948453608,-1.2129515099359989,485.0,1.495447870778268,-0.27120093026387737,681.0,2
2024-11-24,10.0,2527.0,Seattle,Busan-Seattle,South Korea,3.8,0.7562500000000001,-2.0385274781064715,624.0,1.5369911504424774,-1.086823823506428,565.0,2
2024-11-25,8.0,2595.0,Seattle,Busan-Seattle,South Korea,3.8,0.7829545454545456,-1.0023404506575675,968.0,1.0594123048668485,-0.6994551374474067,1089.0,2
2024-11-26,10.0,3342.0,Seattle,Busan-Seattle,South Korea,3.8,1.1842412451361877,-0.9116295079739735,1028.0,1.049662921348315,-0.8611197377816455,890.0,2
2024-11-27,11.0,3779.0,Seattle,Busan-Seattle,South Korea,3.8,1.8608983799705447,-0.4957645131578869,1358.0,1.4481313703284249,-0.6911454256358335,883.0,2
2024-11-28,11.0,2587.0,Seattle,Busan-Seattle,South Korea,3.8,1.5514818880351258,-1.2002189967723984,911.0,1.534525139664805,0.0174351259090037,895.0,2
2024-11-29,11.0,3736.0,Seattle,Busan-Seattle,South Korea,3.8,1.7289855072463787,-0.8509211441870997,1104.0,1.414570230607968,-0.641672410159822,954.0,2
2024-11-30,15.0,3928.0,Seattle,Busan-Seattle,South Korea,3.8,2.2743589743589743,-0.5563408250508647,546.0,0.8272164948453608,-1.2129515099359989,485.0,2
2024-12-01,11.0,4820.0,Seattle,Busan-Seattle,South Korea,3.8,0.9497816593886468,-1.29100843882635,458.0,0.7562500000000001,-2.0385274781064715,624.0,2
2024-12-02,15.0,4824.0,Seattle,Busan-Seattle,South Korea,3.8,1.588674033149171,-0.16401277572397666,724.0,0.7829545454545456,-1.0023404506575675,968.0,2
2024-12-03,12.0,3872.0,Seattle,Busan-Seattle,South Korea,3.8,0.13427937915742816,-2.96395729589171,2255.0,1.1842412451361877,-0.9116295079739735,1028.0,2
2024-12-04,12.0,3565.0,Seattle,Busan-Seattle,South Korea,3.8,0.1689327485380117,-3.7553239420466418,2736.0,1.8608983799705447,-0.4957645131578869,1358.0,2
2024-12-05,12.0,3888.0,Seattle,Busan-Seattle,South Korea,3.8,0.15037812681791707,-3.109253836070981,1719.0,1.5514818880351258,-1.2002189967723984,911.0,2
2024-12-06,14.0,4302.0,Seattle,Busan-Seattle,South Korea,3.8,0.34837962962962954,-2.987230867344692,1296.0,1.7289855072463787,-0.8509211441870997,1104.0,2
2024-12-07,13.0,3712.0,Seattle,Busan-Seattle,South Korea,3.8,-0.45832583258325843,-3.952826588648456,1111.0,2.2743589743589743,-0.5563408250508647,546.0,2
2024-12-08,11.0,2818.0,Seattle,Busan-Seattle,South Korea,3.8,-0.18627450980392118,-3.7346780788063887,867.0,0.9497816593886468,-1.29100843882635,458.0,2
2024-12-09,8.0,2704.0,Seattle,Busan-Seattle,South Korea,3.8,0.04575221238938082,-3.533584603935343,1130.0,1.588674033149171,-0.16401277572397666,724.0,2
2024-12-10,11.0,2957.0,Seattle,Busan-Seattle,South Korea,3.8,0.5549281314168379,-2.3457676515675883,974.0,0.13427937915742816,-2.96395729589171,2255.0,2
2024-12-11,10.0,2908.0,Seattle,Busan-Seattle,South Korea,3.8,-0.26822001527883993,-2.998486718088799,1309.0,0.1689327485380117,-3.7553239420466418,2736.0,2
2024-12-12,8.0,2994.0,Seattle,Busan-Seattle,South Korea,3.8,0.26535648994515554,-2.7231133568460804,1094.0,0.15037812681791707,-3.109253836070981,1719.0,2
2024-12-13,8.0,2288.0,Seattle,Busan-Seattle,South Korea,3.8,0.41871127633209404,-1.6082343699489332,807.0,0.34837962962962954,-2.987230867344692,1296.0,2
2024-12-14,10.0,2720.0,Seattle,Busan-Seattle,South Korea,3.8,0.16877162629757778,-3.5642859508049156,1156.0,-0.45832583258325843,-3.952826588648456,1111.0,2
2024-12-15,5.0,2329.0,Seattle,Busan-Seattle,South Korea,3.8,0.6873076923076923,-2.286389905864326,780.0,-0.18627450980392118,-3.7346780788063887,867.0,2
2024-12-16,10.0,3675.0,Seattle,Busan-Seattle,South Korea,3.8,0.48180943214629446,-2.756457590185986,1039.0,0.04575221238938082,-3.533584603935343,1130.0,2
2024-12-17,11.0,3651.0,Seattle,Busan-Seattle,South Korea,3.8,0.294560669456067,-1.9984335739144274,956.0,0.5549281314168379,-2.3457676515675883,974.0,2
2024-12-18,12.0,3779.0,Seattle,Busan-Seattle,South Korea,3.8,1.0357655502392344,-1.5634460821501435,836.0,-0.26822001527883993,-2.998486718088799,1309.0,2
2024-12-19,13.0,3626.0,Seattle,Busan-Seattle,South Korea,3.8,0.37751842751842724,-2.144483330631836,814.0,0.26535648994515554,-2.7231133568460804,1094.0,2
2024-12-20,14.0,3631.0,Seattle,Busan-Seattle,South Korea,3.8,0.4730941704035875,-1.6263095928856424,669.0,0.41871127633209404,-1.6082343699489332,807.0,2
2024-12-21,13.0,4007.0,Seattle,Busan-Seattle,South Korea,3.8,0.4376000000000001,-1.6417604197558149,375.0,0.16877162629757778,-3.5642859508049156,1156.0,2
2024-12-22,11.0,3197.0,Seattle,Busan-Seattle,South Korea,3.8,1.0131782945736434,-1.0657500238198272,387.0,0.6873076923076923,-2.286389905864326,780.0,2
2024-12-23,9.0,2576.0,Seattle,Busan-Seattle,South Korea,3.8,-0.1282958199356914,-2.0588655736690633,933.0,0.48180943214629446,-2.756457590185986,1039.0,2
2024-12-24,6.0,2639.0,Seattle,Busan-Seattle,South Korea,3.8,0.667376830892144,-1.6639781795241846,751.0,0.294560669456067,-1.9984335739144274,956.0,2
2024-12-25,9.0,2466.0,Seattle,Busan-Seattle,South Korea,3.8,0.4698189134808852,-2.2363585084113464,497.0,1.0357655502392344,-1.5634460821501435,836.0,2
2024-12-26,12.0,3375.0,Seattle,Busan-Seattle,South Korea,3.8,0.6889716840536511,-2.2800322021810113,671.0,0.37751842751842724,-2.144483330631836,814.0,2
2024-12-27,12.0,3806.0,Seattle,Busan-Seattle,South Korea,3.8,0.09434156378600828,-3.1125448592429743,972.0,0.4730941704035875,-1.6263095928856424,669.0,2
2024-12-28,14.0,4466.0,Seattle,Busan-Seattle,South Korea,3.8,0.04070981210855945,-2.2824100802908296,479.0,0.4376000000000001,-1.6417604197558149,375.0,2
2024-12-29,11.0,4045.0,Seattle,Busan-Seattle,South Korea,3.8,1.1480530240265132,-4.810102326101757,1207.0,1.0131782945736434,-1.0657500238198272,387.0,2
2024-12-30,10.0,3645.0,Seattle,Busan-Seattle,South Korea,3.8,0.9529151291512913,-3.7787437813787474,1355.0,-0.1282958199356914,-2.0588655736690633,933.0,2
2024-12-31,11.0,3016.0,Seattle,Busan-Seattle,South Korea,3.8,0.29439338235294116,-3.4305751445243873,1088.0,0.667376830892144,-1.6639781795241846,751.0,2
2025-01-01,8.0,3620.0,Seattle,Busan-Seattle,South Korea,3.8,0.6803333333333335,-3.130456993426624,600.0,0.4698189134808852,-2.2363585084113464,497.0,2
2025-01-02,10.0,4001.0,Seattle,Busan-Seattle,South Korea,3.8,-1.1780232558139536,-3.8935943034649108,860.0,0.6889716840536511,-2.2800322021810113,671.0,2
2025-01-03,12.0,4132.0,Seattle,Busan-Seattle,South Korea,3.8,-0.3002063983488129,-4.136477508644103,969.0,0.09434156378600828,-3.1125448592429743,972.0,2
2025-01-04,13.0,5197.0,Seattle,Busan-Seattle,South Korea,3.8,0.9239092495636996,-3.431188678532499,573.0,0.04070981210855945,-2.2824100802908296,479.0,2
2025-01-05,15.0,5703.0,Seattle,Busan-Seattle,South Korea,3.8,0.19523809523809513,-3.821499995307617,630.0,1.1480530240265132,-4.810102326101757,1207.0,2
2025-01-06,17.0,4665.0,Seattle,Busan-Seattle,South Korea,3.8,0.32731333758774683,-2.502551595268328,1567.0,0.9529151291512913,-3.7787437813787474,1355.0,2
2025-01-07,13.0,4395.0,Seattle,Busan-Seattle,South Korea,3.8,0.42412017167381943,-1.9261392503019277,1165.0,0.29439338235294116,-3.4305751445243873,1088.0,2
2025-01-08,12.0,4136.0,Seattle,Busan-Seattle,South Korea,3.8,0.7366710013003905,-1.5733233444905812,769.0,0.6803333333333335,-3.130456993426624,600.0,2
2025-01-09,12.0,4307.0,Seattle,Busan-Seattle,South Korea,3.8,0.5521479713603821,-1.4030277576102117,838.0,-1.1780232558139536,-3.8935943034649108,860.0,2
2025-01-10,14.0,4239.0,Seattle,Busan-Seattle,South Korea,3.8,1.22760736196319,-1.6843957685766104,652.0,-0.3002063983488129,-4.136477508644103,969.0,2
2025-01-11,14.0,4486.0,Seattle,Busan-Seattle,South Korea,3.8,0.5717339667458428,-2.1152057330882754,421.0,0.9239092495636996,-3.431188678532499,573.0,2
2025-01-12,9.0,3380.0,Seattle,Busan-Seattle,South Korea,3.8,0.31831210191082804,-2.9554283626658417,628.0,0.19523809523809513,-3.821499995307617,630.0,2
2025-01-13,10.0,3511.0,Seattle,Busan-Seattle,South Korea,3.8,0.5902880658436208,-2.5287412227082204,1215.0,0.32731333758774683,-2.502551595268328,1567.0,2
2025-01-14,10.0,2497.0,Seattle,Busan-Seattle,South Korea,3.8,-0.4012121212121214,-2.7112036332000984,1155.0,0.42412017167381943,-1.9261392503019277,1165.0,2
2025-01-15,10.0,3487.0,Seattle,Busan-Seattle,South Korea,3.8,-0.17855917667238427,-3.6053959740106234,1166.0,0.7366710013003905,-1.5733233444905812,769.0,2
2025-01-16,13.0,3935.0,Seattle,Busan-Seattle,South Korea,3.8,0.4445378151260504,-2.066781342829918,833.0,0.5521479713603821,-1.4030277576102117,838.0,2
2025-01-17,15.0,4125.0,Seattle,Busan-Seattle,South Korea,3.8,0.43824521934758154,-1.880331919859883,889.0,1.22760736196319,-1.6843957685766104,652.0,2
2025-01-18,14.0,4529.0,Seattle,Busan-Seattle,South Korea,3.8,0.8288617886178864,-2.8044678553033453,492.0,0.5717339667458428,-2.1152057330882754,421.0,2
2025-01-19,9.0,3332.0,Seattle,Busan-Seattle,South Korea,3.8,0.21906474820143876,-3.2007602770877512,556.0,0.31831210191082804,-2.9554283626658417,628.0,2
2025-01-20,14.0,4441.0,Seattle,Busan-Seattle,South Korea,3.8,1.1037195994277538,-0.914394293506799,699.0,0.5902880658436208,-2.5287412227082204,1215.0,2
2025-01-21,14.0,5199.0,Seattle,Busan-Seattle,South Korea,3.8,1.1064270152505444,-1.2510468104294412,918.0,-0.4012121212121214,-2.7112036332000984,1155.0,2
2025-01-22,17.0,5134.0,Seattle,Busan-Seattle,South Korea,3.8,1.334537246049661,-0.8174253870604204,886.0,-0.17855917667238427,-3.6053959740106234,1166.0,2
2025-01-23,14.0,4271.0,Seattle,Busan-Seattle,South Korea,3.8,0.916983523447402,-1.707728618905033,789.0,0.4445378151260504,-2.066781342829918,833.0,2
2025-01-24,14.0,4735.0,Seattle,Busan-Seattle,South Korea,3.8,0.979415501905972,-1.5508380290566997,787.0,0.43824521934758154,-1.880331919859883,889.0,2
2025-01-25,15.0,5279.0,Seattle,Busan-Seattle,South Korea,3.8,0.6536585365853661,-2.6899862443772724,369.0,0.8288617886178864,-2.8044678553033453,492.0,2
2025-01-26,11.0,3431.0,Seattle,Busan-Seattle,South Korea,3.8,-0.6072784810126584,-5.497986962401255,632.0,0.21906474820143876,-3.2007602770877512,556.0,2
2025-01-27,11.0,3188.0,Seattle,Busan-Seattle,South Korea,3.8,0.7095444685466373,-3.4101099843947416,461.0,1.1037195994277538,-0.914394293506799,699.0,2
2025-01-28,12.0,3994.0,Seattle,Busan-Seattle,South Korea,3.8,0.09272030651340984,-1.775016321561377,522.0,1.1064270152505444,-1.2510468104294412,918.0,2
2025-01-29,11.0,3503.0,Seattle,Busan-Seattle,South Korea,3.8,-0.055652173913043224,-1.1113595737209514,460.0,1.334537246049661,-0.8174253870604204,886.0,2
2025-01-30,11.0,3676.0,Seattle,Busan-Seattle,South Korea,3.8,0.2380462724935734,-1.0481741325619147,389.0,0.916983523447402,-1.707728618905033,789.0,2
2025-01-31,12.0,3557.0,Seattle,Busan-Seattle,South Korea,3.8,0.7467905405405404,-0.9607184929038022,592.0,0.979415501905972,-1.5508380290566997,787.0,2
2025-02-01,14.0,4750.0,Seattle,Busan-Seattle,South Korea,3.8,0.6681818181818182,-1.0239698092821259,264.0,0.6536585365853661,-2.6899862443772724,369.0,2
2025-02-02,11.0,4020.0,Seattle,Busan-Seattle,South Korea,3.8,0.9263803680981594,-1.934537447599437,326.0,-0.6072784810126584,-5.497986962401255,632.0,2
2025-02-03,14.0,5214.0,Seattle,Busan-Seattle,South Korea,3.8,1.1299999999999994,-1.5507670357685557,790.0,0.7095444685466373,-3.4101099843947416,461.0,2
2025-02-04,13.0,4602.0,Seattle,Busan-Seattle,South Korea,3.8,1.4849938499385005,-0.33672679403296335,813.0,0.09272030651340984,-1.775016321561377,522.0,2
2025-02-05,11.0,4363.0,Seattle,Busan-Seattle,South Korea,3.8,1.149226441631506,-0.8802458531656089,711.0,-0.055652173913043224,-1.1113595737209514,460.0,2
2025-02-06,13.0,4529.0,Seattle,Busan-Seattle,South Korea,3.8,0.5630630630630632,-1.0967874812308323,777.0,0.2380462724935734,-1.0481741325619147,389.0,2
2025-02-07,12.0,4770.0,Seattle,Busan-Seattle,South Korea,3.8,1.089265536723164,-0.726868527997524,708.0,0.7467905405405404,-0.9607184929038022,592.0,2
2025-02-08,15.0,4944.0,Seattle,Busan-Seattle,South Korea,3.8,0.6875389408099686,-1.067696168725596,321.0,0.6681818181818182,-1.0239698092821259,264.0,2
2025-02-09,12.0,4645.0,Seattle,Busan-Seattle,South Korea,3.8,0.9534606205250601,-1.7198349225643055,419.0,0.9263803680981594,-1.934537447599437,326.0,2
2025-02-10,14.0,4458.0,Seattle,Busan-Seattle,South Korea,3.8,0.5923180592991912,-1.3936486494981866,742.0,1.1299999999999994,-1.5507670357685557,790.0,2
2025-02-11,12.0,5098.0,Seattle,Busan-Seattle,South Korea,3.8,1.4872596153846154,-1.5034360770661455,832.0,1.4849938499385005,-0.33672679403296335,813.0,2
2025-02-12,14.0,4043.0,Seattle,Busan-Seattle,South Korea,3.8,1.5853658536585369,-1.4324410968929921,779.0,1.149226441631506,-0.8802458531656089,711.0,2
2025-02-13,11.0,3817.0,Seattle,Busan-Seattle,South Korea,3.8,1.1152811735941321,-1.250781357181529,818.0,0.5630630630630632,-1.0967874812308323,777.0,2
2025-02-14,12.0,4196.0,Seattle,Busan-Seattle,South Korea,3.8,1.5196369636963696,-0.395151188891963,606.0,1.089265536723164,-0.726868527997524,708.0,2
2025-02-15,12.0,4602.0,Seattle,Busan-Seattle,South Korea,3.8,1.125714285714286,-1.169805853942477,315.0,0.6875389408099686,-1.067696168725596,321.0,2
2025-02-16,8.0,3147.0,Seattle,Busan-Seattle,South Korea,3.8,1.3186832740213519,-0.2459416999744714,562.0,0.9534606205250601,-1.7198349225643055,419.0,2
2025-02-17,8.0,3202.0,Seattle,Busan-Seattle,South Korea,3.8,0.9012300123001233,-1.1612631381420895,813.0,0.5923180592991912,-1.3936486494981866,742.0,2
2025-02-18,9.0,2874.0,Seattle,Busan-Seattle,South Korea,3.8,1.0590346534653463,-0.9346272642449746,808.0,1.4872596153846154,-1.5034360770661455,832.0,2
2025-02-19,9.0,2943.0,Seattle,Busan-Seattle,South Korea,3.8,1.4752808988764043,-1.6168676937523527,801.0,1.5853658536585369,-1.4324410968929921,779.0,2
2025-02-20,11.0,4496.0,Seattle,Busan-Seattle,South Korea,3.8,1.2674778761061951,-1.5337792707228364,904.0,1.1152811735941321,-1.250781357181529,818.0,2
2025-02-21,14.0,5269.0,Seattle,Busan-Seattle,South Korea,3.8,1.2803191489361705,-0.4469559780114796,752.0,1.5196369636963696,-0.395151188891963,606.0,2
2025-02-22,14.0,4888.0,Seattle,Busan-Seattle,South Korea,3.8,1.708396946564885,-1.0784717067579783,262.0,1.125714285714286,-1.169805853942477,315.0,2
2025-02-23,13.0,5349.0,Seattle,Busan-Seattle,South Korea,3.8,1.6099715099715095,-0.7593284498672477,351.0,1.3186832740213519,-0.2459416999744714,562.0,2
2025-02-24,16.0,5204.0,Seattle,Busan-Seattle,South Korea,3.8,1.3357009345794393,-0.26248061633963415,535.0,0.9012300123001233,-1.1612631381420895,813.0,2
2025-02-25,15.0,5452.0,Seattle,Busan-Seattle,South Korea,3.8,1.1326603325415672,-1.2080015885097757,842.0,1.0590346534653463,-0.9346272642449746,808.0,2
2025-02-26,17.0,7214.0,Seattle,Busan-Seattle,South Korea,3.8,1.2982360922659428,-0.49607884929721646,737.0,1.4752808988764043,-1.6168676937523527,801.0,2
2025-02-27,17.0,5722.0,Seattle,Busan-Seattle,South Korea,3.8,1.088146551724138,-0.5455636010932693,928.0,1.2674778761061951,-1.5337792707228364,904.0,2
2025-02-28,18.0,6360.0,Seattle,Busan-Seattle,South Korea,3.8,0.8596363636363639,-0.5607807310629384,825.0,1.2803191489361705,-0.4469559780114796,752.0,2
2025-03-01,16.0,5468.0,Seattle,Busan-Seattle,South Korea,3.8,0.5445714285714289,-0.7020246273593651,350.0,1.708396946564885,-1.0784717067579783,262.0,2
2025-03-02,13.0,4561.0,Seattle,Busan-Seattle,South Korea,3.8,1.5000000000000002,-0.32858042120726594,328.0,1.6099715099715095,-0.7593284498672477,351.0,2
2025-03-03,14.0,5280.0,Seattle,Busan-Seattle,South Korea,3.8,0.6860735009671182,-0.7026975193306801,517.0,1.3357009345794393,-0.26248061633963415,535.0,2
2025-03-04,13.0,5443.0,Seattle,Busan-Seattle,South Korea,3.8,1.3463553530751708,-0.9872395290993389,878.0,1.1326603325415672,-1.2080015885097757,842.0,2
2025-03-05,15.0,5096.0,Seattle,Busan-Seattle,South Korea,3.8,1.6256317689530695,-0.48634909951387156,831.0,1.2982360922659428,-0.49607884929721646,737.0,2
2025-03-06,12.0,4626.0,Seattle,Busan-Seattle,South Korea,3.8,-0.08643702906350886,-2.17720108427468,929.0,1.088146551724138,-0.5455636010932693,928.0,2
2025-03-07,13.0,5027.0,Seattle,Busan-Seattle,South Korea,3.8,0.8224199288256233,-2.4637887957679334,843.0,0.8596363636363639,-0.5607807310629384,825.0,2
2025-03-08,15.0,5346.0,Seattle,Busan-Seattle,South Korea,3.8,0.6560885608856086,-2.698442979722759,542.0,0.5445714285714289,-0.7020246273593651,350.0,2
2025-03-09,12.0,4060.0,Seattle,Busan-Seattle,South Korea,3.8,1.6811040339702765,-1.3980332974449035,471.0,1.5000000000000002,-0.32858042120726594,328.0,2
2025-03-10,12.0,4748.0,Seattle,Busan-Seattle,South Korea,3.8,-0.1990291262135923,-2.216959445406701,1030.0,0.6860735009671182,-0.7026975193306801,517.0,2
2025-03-11,13.0,4366.0,Seattle,Busan-Seattle,South Korea,3.8,1.0512640449438204,-0.8874546918265674,712.0,1.3463553530751708,-0.9872395290993389,878.0,2
2025-03-12,17.0,4565.0,Seattle,Busan-Seattle,South Korea,3.8,1.0680998613037445,-1.6212535015716492,721.0,1.6256317689530695,-0.48634909951387156,831.0,2
2025-03-13,15.0,4648.0,Seattle,Busan-Seattle,South Korea,3.8,0.8118798955613578,-1.3960709948401826,766.0,-0.08643702906350886,-2.17720108427468,929.0,2
2025-03-14,15.0,4825.0,Seattle,Busan-Seattle,South Korea,3.8,1.329391891891892,-1.0309239856697483,592.0,0.8224199288256233,-2.4637887957679334,843.0,2
2025-03-15,14.0,3889.0,Seattle,Busan-Seattle,South Korea,3.8,1.2055072463768117,-0.6338164123637016,345.0,0.6560885608856086,-2.698442979722759,542.0,2
2025-03-16,9.0,3478.0,Seattle,Busan-Seattle,South Korea,3.8,1.4463492063492063,-1.1081551591094039,315.0,1.6811040339702765,-1.3980332974449035,471.0,2
2025-03-17,10.0,4005.0,Seattle,Busan-Seattle,South Korea,3.8,1.3122827346465826,-1.2958805643914797,863.0,-0.1990291262135923,-2.216959445406701,1030.0,2
2025-03-18,12.0,3774.0,Seattle,Busan-Seattle,South Korea,3.8,1.205970149253731,-1.2610589766201599,871.0,1.0512640449438204,-0.8874546918265674,712.0,2
2025-03-19,14.0,4720.0,Seattle,Busan-Seattle,South Korea,3.8,1.6776712328767114,-0.7933236100328246,730.0,1.0680998613037445,-1.6212535015716492,721.0,2
2025-03-20,17.0,5308.0,Seattle,Busan-Seattle,South Korea,3.8,1.2345013477088957,-0.9485610705782979,742.0,0.8118798955613578,-1.3960709948401826,766.0,2
2025-03-21,16.0,5226.0,Seattle,Busan-Seattle,South Korea,3.8,1.4222684703433919,-0.8238660278043037,961.0,1.329391891891892,-1.0309239856697483,592.0,2
2025-03-22,12.0,4176.0,Seattle,Busan-Seattle,South Korea,3.8,2.2054755043227665,-0.5441432540273696,694.0,1.2055072463768117,-0.6338164123637016,345.0,2
2025-03-23,9.0,3908.0,Seattle,Busan-Seattle,South Korea,3.8,1.8268867924528298,-1.4802594481628013,424.0,1.4463492063492063,-1.1081551591094039,315.0,2
2025-03-24,9.0,4057.0,Seattle,Busan-Seattle,South Korea,3.8,0.9730468749999994,-2.74871530792515,1280.0,1.3122827346465826,-1.2958805643914797,863.0,2
2025-03-25,8.0,3450.0,Seattle,Busan-Seattle,South Korea,3.8,1.3497076023391819,-1.4428917034900555,1197.0,1.205970149253731,-1.2610589766201599,871.0,2
2025-03-26,14.0,4036.0,Seattle,Busan-Seattle,South Korea,3.8,0.8508826583592941,-1.699577658824135,963.0,1.6776712328767114,-0.7933236100328246,730.0,2
2025-03-27,14.0,4798.0,Seattle,Busan-Seattle,South Korea,3.8,1.4554455445544552,-1.6721276406187644,1111.0,1.2345013477088957,-0.9485610705782979,742.0,2
2025-03-28,16.0,4998.0,Seattle,Busan-Seattle,South Korea,3.8,1.2932105868814738,-1.8208123038362511,869.0,1.4222684703433919,-0.8238660278043037,961.0,2
2025-03-29,14.0,4576.0,Seattle,Busan-Seattle,South Korea,3.8,1.4487500000000002,-1.6130073846842274,400.0,2.2054755043227665,-0.5441432540273696,694.0,2
2025-03-30,12.0,4374.0,Seattle,Busan-Seattle,South Korea,3.8,2.0048689138576776,-0.6994170511054203,534.0,1.8268867924528298,-1.4802594481628013,424.0,2
2025-03-31,12.0,4677.0,Seattle,Busan-Seattle,South Korea,3.8,1.31484771573604,-1.4956648524480445,788.0,0.9730468749999994,-2.74871530792515,1280.0,2
2025-04-01,11.0,3790.0,Seattle,Busan-Seattle,South Korea,3.8,1.087361419068737,-1.6229002949360494,902.0,1.3497076023391819,-1.4428917034900555,1197.0,2
2025-04-02,12.0,3764.0,Seattle,Busan-Seattle,South Korea,3.8,1.5466960352422903,-1.0267575737026815,681.0,0.8508826583592941,-1.699577658824135,963.0,2
2025-04-03,12.0,3634.0,Seattle,Busan-Seattle,South Korea,3.8,1.825656565656565,-1.2717553541948166,990.0,1.4554455445544552,-1.6721276406187644,1111.0,2
2025-04-04,13.0,3635.0,Seattle,Busan-Seattle,South Korea,3.8,0.6799457994579949,-2.9546761053635158,1107.0,1.2932105868814738,-1.8208123038362511,869.0,2
2025-04-05,9.0,3026.0,Seattle,Busan-Seattle,South Korea,3.8,1.4959409594095932,-1.5581015808431538,542.0,1.4487500000000002,-1.6130073846842274,400.0,2
2025-04-06,9.0,2532.0,Seattle,Busan-Seattle,South Korea,3.8,1.1219387755102037,-1.3500920104227725,392.0,2.0048689138576776,-0.6994170511054203,534.0,2
2025-04-07,9.0,3255.0,Seattle,Busan-Seattle,South Korea,3.8,1.6941653160453818,-0.33993051874855923,617.0,1.31484771573604,-1.4956648524480445,788.0,2
2025-04-08,8.0,3644.0,Seattle,Busan-Seattle,South Korea,3.8,0.7751381215469617,-1.3899226047465265,1267.0,1.087361419068737,-1.6229002949360494,902.0,2
2025-04-09,10.0,3351.0,Seattle,Busan-Seattle,South Korea,3.8,1.9181122448979588,-1.0340309552008435,1176.0,1.5466960352422903,-1.0267575737026815,681.0,2
2025-04-10,11.0,3081.0,Seattle,Busan-Seattle,South Korea,3.8,2.0257303370786524,-0.47574751090020634,890.0,1.825656565656565,-1.2717553541948166,990.0,2
2025-04-11,12.0,3628.0,Seattle,Busan-Seattle,South Korea,3.8,1.815830546265328,-0.3420746459237103,897.0,0.6799457994579949,-2.9546761053635158,1107.0,2
2025-04-12,11.0,3205.0,Seattle,Busan-Seattle,South Korea,3.8,1.965151515151515,-1.0077727701702328,264.0,1.4959409594095932,-1.5581015808431538,542.0,2
2025-04-13,8.0,1929.0,Seattle,Busan-Seattle,South Korea,3.8,1.620172910662823,-1.0197534547289264,347.0,1.1219387755102037,-1.3500920104227725,392.0,2
2025-04-14,7.0,2518.0,Seattle,Busan-Seattle,South Korea,3.8,1.4302070645554195,-1.2488526571257612,821.0,1.6941653160453818,-0.33993051874855923,617.0,2
2025-04-15,7.0,2072.0,Seattle,Busan-Seattle,South Korea,3.8,1.9339895013123363,-0.5867444805370212,762.0,0.7751381215469617,-1.3899226047465265,1267.0,2
2025-04-16,10.0,3133.0,Seattle,Busan-Seattle,South Korea,3.8,1.459999999999999,-0.4667010628824481,820.0,1.9181122448979588,-1.0340309552008435,1176.0,2
2025-04-17,10.0,3098.0,Seattle,Busan-Seattle,South Korea,3.8,1.6814473684210536,-0.8723013569320337,760.0,2.0257303370786524,-0.47574751090020634,890.0,2
2025-04-18,11.0,3431.0,Seattle,Busan-Seattle,South Korea,3.8,1.5956738768718792,0.027439553334973707,601.0,1.815830546265328,-0.3420746459237103,897.0,2
2025-04-19,11.0,3517.0,Seattle,Busan-Seattle,South Korea,3.8,1.219354838709677,-0.2955584950116692,279.0,1.965151515151515,-1.0077727701702328,264.0,2
2025-04-20,7.0,2529.0,Seattle,Busan-Seattle,South Korea,3.8,0.8390862944162434,-1.2169673694939078,394.0,1.620172910662823,-1.0197534547289264,347.0,2
2025-04-21,7.0,2868.0,Seattle,Busan-Seattle,South Korea,3.8,1.905006257822277,-0.6040616557610162,799.0,1.4302070645554195,-1.2488526571257612,821.0,2
2025-04-22,6.0,2883.0,Seattle,Busan-Seattle,South Korea,3.8,1.3327659574468087,-0.812194207678393,940.0,1.9339895013123363,-0.5867444805370212,762.0,2
2025-04-23,9.0,3646.0,Seattle,Busan-Seattle,South Korea,3.8,1.724565756823823,-0.24919479840947847,806.0,1.459999999999999,-0.4667010628824481,820.0,2
2025-04-24,12.0,4065.0,Seattle,Busan-Seattle,South Korea,3.8,1.0387201735357923,-1.90590629454306,922.0,1.6814473684210536,-0.8723013569320337,760.0,2
2025-04-25,13.0,4404.0,Seattle,Busan-Seattle,South Korea,3.8,1.3012180267965894,-0.5952478381413826,821.0,1.5956738768718792,0.027439553334973707,601.0,2
2025-04-26,11.0,2643.0,Seattle,Busan-Seattle,South Korea,3.8,1.6851851851851858,-0.3486714721709071,432.0,1.219354838709677,-0.2955584950116692,279.0,2
2025-04-27,6.0,2325.0,Seattle,Busan-Seattle,South Korea,3.8,1.1513011152416355,-0.799207104449082,538.0,0.8390862944162434,-1.2169673694939078,394.0,2
2025-04-28,6.0,2475.0,Seattle,Busan-Seattle,South Korea,3.8,1.0444979367262721,-0.7538020836008221,1454.0,1.905006257822277,-0.6040616557610162,799.0,2
2025-04-29,5.0,2250.0,Seattle,Busan-Seattle,South Korea,3.8,1.4847309136420528,-0.2224000445753601,799.0,1.3327659574468087,-0.812194207678393,940.0,2
2025-04-30,11.0,3224.0,Seattle,Busan-Seattle,South Korea,3.8,0.8217580504786772,-0.9401619788043185,1149.0,1.724565756823823,-0.24919479840947847,806.0,2
2025-05-01,13.0,3595.0,Seattle,Busan-Seattle,South Korea,3.8,1.014425162689805,-1.7141560927559538,922.0,1.0387201735357923,-1.90590629454306,922.0,2
2025-05-02,11.0,4141.0,Seattle,Busan-Seattle,South Korea,3.8,1.740228013029315,-0.44153101518797877,614.0,1.3012180267965894,-0.5952478381413826,821.0,2
2025-05-03,9.0,2201.0,Seattle,Busan-Seattle,South Korea,3.8,0.1384831460674157,-1.0726503545596033,356.0,1.6851851851851858,-0.3486714721709071,432.0,2
2025-05-04,4.0,1351.0,Seattle,Busan-Seattle,South Korea,3.8,1.1072164948453609,-1.0839801882431876,291.0,1.1513011152416355,-0.799207104449082,538.0,2
2025-05-05,4.0,842.0,Seattle,Busan-Seattle,South Korea,3.8,2.020814479638009,0.3861303405514438,442.0,1.0444979367262721,-0.7538020836008221,1454.0,2
2025-05-06,5.0,1219.0,Seattle,Busan-Seattle,South Korea,3.8,1.3947368421052635,-0.14311790625606174,551.0,1.4847309136420528,-0.2224000445753601,799.0,2
2025-05-07,9.0,2879.0,Seattle,Busan-Seattle,South Korea,3.8,1.6649456521739139,-0.5245601944814572,736.0,0.8217580504786772,-0.9401619788043185,1149.0,2
2025-05-08,11.0,3128.0,Seattle,Busan-Seattle,South Korea,3.8,0.8257485029940116,-0.9455896063438922,1002.0,1.014425162689805,-1.7141560927559538,922.0,2
2025-05-09,10.0,3164.0,Seattle,Busan-Seattle,South Korea,3.8,0.576470588235294,-0.1638740768609982,714.0,1.740228013029315,-0.44153101518797877,614.0,2
2025-05-10,10.0,3101.0,Seattle,Busan-Seattle,South Korea,3.8,1.3274447949526818,-1.627405522621055,317.0,0.1384831460674157,-1.0726503545596033,356.0,2
2025-05-11,7.0,2723.0,Seattle,Busan-Seattle,South Korea,3.8,1.6020833333333329,-0.06297943470051132,384.0,1.1072164948453609,-1.0839801882431876,291.0,2
2025-05-12,8.0,2871.0,Seattle,Busan-Seattle,South Korea,3.8,1.362015503875969,-0.3685293719385885,645.0,2.020814479638009,0.3861303405514438,442.0,2
2025-05-13,7.0,2606.0,Seattle,Busan-Seattle,South Korea,3.8,1.7291248206599712,0.14613816177995534,697.0,1.3947368421052635,-0.14311790625606174,551.0,2
2025-05-14,7.0,2178.0,Seattle,Busan-Seattle,South Korea,3.8,2.0602774274905427,-0.007548576203109447,793.0,1.6649456521739139,-0.5245601944814572,736.0,2
2025-05-15,8.0,1925.0,Seattle,Busan-Seattle,South Korea,3.8,1.8735877862595425,0.044068862823562094,655.0,0.8257485029940116,-0.9455896063438922,1002.0,2
2025-05-16,10.0,2379.0,Seattle,Busan-Seattle,South Korea,3.8,1.719406392694066,0.04752712882493575,876.0,0.576470588235294,-0.1638740768609982,714.0,2
2025-05-17,10.0,2942.0,Seattle,Busan-Seattle,South Korea,3.8,1.8347826086956514,0.03306392138896741,391.0,1.3274447949526818,-1.627405522621055,317.0,2
2025-05-18,9.0,2585.0,Seattle,Busan-Seattle,South Korea,3.8,1.5194346289752652,-0.14194686907247467,283.0,1.6020833333333329,-0.06297943470051132,384.0,2
2025-05-19,7.0,2625.0,Seattle,Busan-Seattle,South Korea,3.8,1.760718870346599,-0.08283481787713115,779.0,1.362015503875969,-0.3685293719385885,645.0,2
2025-05-20,7.0,2669.0,Seattle,Busan-Seattle,South Korea,3.8,1.6325746799430998,-0.6732659648822341,703.0,1.7291248206599712,0.14613816177995534,697.0,2
2025-05-21,13.0,4306.0,Seattle,Busan-Seattle,South Korea,3.8,1.6474452554744514,-0.4515531693813808,822.0,2.0602774274905427,-0.007548576203109447,793.0,2
2025-05-22,13.0,3363.0,Seattle,Busan-Seattle,South Korea,3.8,1.1470379146919434,-1.1124962784336554,844.0,1.8735877862595425,0.044068862823562094,655.0,2
2025-05-23,12.0,3311.0,Seattle,Busan-Seattle,South Korea,3.8,1.488069705093832,-0.8466225689545902,746.0,1.719406392694066,0.04752712882493575,876.0,2
2025-05-24,8.0,2295.0,Seattle,Busan-Seattle,South Korea,3.8,1.2270408163265305,-0.5366094531039481,392.0,1.8347826086956514,0.03306392138896741,391.0,2
2025-05-25,6.0,1331.0,Seattle,Busan-Seattle,South Korea,3.8,1.1452138492871695,-1.0755696780778456,491.0,1.5194346289752652,-0.14194686907247467,283.0,2
2025-05-26,4.0,1724.0,Seattle,Busan-Seattle,South Korea,3.8,1.3813492063492072,-0.16373767028398958,756.0,1.760718870346599,-0.08283481787713115,779.0,2
2025-05-27,5.0,1671.0,Seattle,Busan-Seattle,South Korea,3.8,0.9304347826086957,-0.9980728889228424,920.0,1.6325746799430998,-0.6732659648822341,703.0,2
2025-05-28,8.0,2383.0,Seattle,Busan-Seattle,South Korea,3.8,1.2721751412429378,-0.7126100078907747,708.0,1.6474452554744514,-0.4515531693813808,822.0,2
2025-05-29,7.0,1731.0,Seattle,Busan-Seattle,South Korea,3.8,1.1467914438502669,-0.7732739266825462,748.0,1.1470379146919434,-1.1124962784336554,844.0,2
2025-05-30,7.0,1232.0,Seattle,Busan-Seattle,South Korea,3.8,1.401216216216216,-0.4992564357936582,740.0,1.488069705093832,-0.8466225689545902,746.0,2
2025-05-31,6.0,1575.0,Seattle,Busan-Seattle,South Korea,3.8,1.0347305389221557,-1.1082513915910654,334.0,1.2270408163265305,-0.5366094531039481,392.0,2
2025-06-01,6.0,1658.0,Seattle,Busan-Seattle,South Korea,3.8,0.9991836734693873,-1.4006723364697247,490.0,1.1452138492871695,-1.0755696780778456,491.0,2
2025-06-02,6.0,1879.0,Seattle,Busan-Seattle,South Korea,3.8,1.1656126482213423,-1.3800265156837979,759.0,1.3813492063492072,-0.16373767028398958,756.0,2
2025-06-03,7.0,1513.0,Seattle,Busan-Seattle,South Korea,3.8,1.1479257641921392,-1.1711625902826905,916.0,0.9304347826086957,-0.9980728889228424,920.0,2
2025-06-04,8.0,2201.0,Seattle,Busan-Seattle,South Korea,3.8,1.956208053691276,-0.25217678798426846,1192.0,1.2721751412429378,-0.7126100078907747,708.0,2
2025-06-05,9.0,2515.0,Seattle,Busan-Seattle,South Korea,3.8,1.571263157894736,-0.18278223895995988,950.0,1.1467914438502669,-0.7732739266825462,748.0,2
2025-06-06,9.0,3318.0,Seattle,Busan-Seattle,South Korea,3.8,2.1552816901408454,-0.14270910078044508,568.0,1.401216216216216,-0.4992564357936582,740.0,2
2025-06-07,7.0,2403.0,Seattle,Busan-Seattle,South Korea,3.8,0.8565384615384619,-0.7664228605161862,260.0,1.0347305389221557,-1.1082513915910654,334.0,2
2025-06-08,8.0,1676.0,Seattle,Busan-Seattle,South Korea,3.8,1.4072202166064978,-0.36196415544498534,277.0,0.9991836734693873,-1.4006723364697247,490.0,2
2025-06-09,7.0,2868.0,Seattle,Busan-Seattle,South Korea,3.8,1.9248142644873703,-0.022214489037316043,673.0,1.1656126482213423,-1.3800265156837979,759.0,2
2025-06-10,8.0,2721.0,Seattle,Busan-Seattle,South Korea,3.8,2.1643663739021326,0.09913359234566821,797.0,1.1479257641921392,-1.1711625902826905,916.0,2
2025-06-11,10.0,2985.0,Seattle,Busan-Seattle,South Korea,3.8,1.1494478527607352,-1.0467617085967473,815.0,1.956208053691276,-0.25217678798426846,1192.0,2
2025-06-12,11.0,2858.0,Seattle,Busan-Seattle,South Korea,3.8,1.4179183135704876,-0.8606948137801333,759.0,1.571263157894736,-0.18278223895995988,950.0,2
2025-06-13,12.0,3189.0,Seattle,Busan-Seattle,South Korea,3.8,1.815648286140089,-0.8139067860121535,671.0,2.1552816901408454,-0.14270910078044508,568.0,2
2025-06-14,12.0,4053.0,Seattle,Busan-Seattle,South Korea,3.8,1.7793103448275855,-0.11797728352400236,203.0,0.8565384615384619,-0.7664228605161862,260.0,2
2025-06-15,12.0,3484.0,Seattle,Busan-Seattle,South Korea,3.8,1.7710552192875189,-0.12776693296657302,233.5,1.4072202166064978,-0.36196415544498534,277.0,2
2025-06-16,9.0,3339.0,Seattle,Busan-Seattle,South Korea,3.8,1.762800093747452,-0.1375565824091437,264.0,1.9248142644873703,-0.022214489037316043,673.0,2
2025-06-17,10.0,3686.0,Seattle,Busan-Seattle,South Korea,3.8,1.754544968207385,-0.14734623185171436,294.5,2.1643663739021326,0.09913359234566821,797.0,2
2025-06-18,10.0,3511.0,Seattle,Busan-Seattle,South Korea,3.8,1.7462898426673183,-0.15713588129428502,325.0,1.1494478527607352,-1.0467617085967473,815.0,2
2025-06-19,11.0,4223.0,Seattle,Busan-Seattle,South Korea,3.8,1.7380347171272517,-0.16692553073685568,355.5,1.4179183135704876,-0.8606948137801333,759.0,2
2025-06-20,13.0,4543.0,Seattle,Busan-Seattle,South Korea,3.8,1.7297795915871848,-0.17671518017942633,386.0,1.815648286140089,-0.8139067860121535,671.0,2
2025-06-21,13.0,3850.0,Seattle,Busan-Seattle,South Korea,3.8,1.7215244660471178,-0.18650482962199702,416.5,1.7793103448275855,-0.11797728352400236,203.0,2
2025-06-22,6.0,2443.0,Seattle,Busan-Seattle,South Korea,3.8,1.7132693405070512,-0.19629447906456768,447.0,1.7710552192875189,-0.12776693296657302,233.5,2
2025-06-23,6.0,2137.0,Seattle,Busan-Seattle,South Korea,3.8,1.7050142149669845,-0.20608412850713834,477.5,1.762800093747452,-0.1375565824091437,264.0,2
2025-06-24,5.0,1308.0,Seattle,Busan-Seattle,South Korea,3.8,1.6967590894269176,-0.21587377794970902,508.0,1.754544968207385,-0.14734623185171436,294.5,2
2025-06-25,8.0,1878.0,Seattle,Busan-Seattle,South Korea,3.8,1.6885039638868506,-0.22566342739227968,538.5,1.7462898426673183,-0.15713588129428502,325.0,2
2025-06-26,9.0,2001.0,Seattle,Busan-Seattle,South Korea,3.8,1.680248838346784,-0.23545307683485034,569.0,1.7380347171272517,-0.16692553073685568,355.5,2
2025-06-27,9.0,2690.0,Seattle,Busan-Seattle,South Korea,3.8,1.6719937128067173,-0.245242726277421,599.5,1.7297795915871848,-0.17671518017942633,386.0,2
2025-06-28,9.0,3178.0,Seattle,Busan-Seattle,South Korea,3.8,1.6637385872666504,-0.2550323757199917,630.0,1.7215244660471178,-0.18650482962199702,416.5,2
2025-06-29,9.0,2394.0,Seattle,Busan-Seattle,South Korea,3.8,1.6554834617265834,-0.26482202516256237,660.5,1.7132693405070512,-0.19629447906456768,447.0,2
2025-06-30,6.0,2845.0,Seattle,Busan-Seattle,South Korea,3.8,1.6472283361865168,-0.274611674605133,691.0,1.7050142149669845,-0.20608412850713834,477.5,2
2024-01-01,8.0,2688.0,Newark,Rotterdam-Newark,Netherlands,4.1,0.6221719457013575,-3.095081996337068,221.0,0.7153465346534652,-1.5081871498068575,202.0,1
2024-01-02,16.0,4775.0,Newark,Rotterdam-Newark,Netherlands,4.1,0.7915094339622641,-1.5195075221221694,424.0,2.036823104693141,-0.9669752533002676,277.0,1
2024-01-03,22.0,4951.0,Newark,Rotterdam-Newark,Netherlands,4.1,1.5333333333333339,-1.6906516692741282,414.0,1.293896713615023,-0.9601120730364503,426.0,1
2024-01-04,17.0,4174.0,Newark,Rotterdam-Newark,Netherlands,4.1,1.8318518518518523,-2.1034047656935844,540.0,-0.03604651162790701,-1.5985755348252142,344.0,1
2024-01-05,22.0,5605.0,Newark,Rotterdam-Newark,Netherlands,4.1,1.4049504950495049,-2.309296117731888,404.0,-0.04066265060240978,-2.2017038897838734,332.0,1
2024-01-06,22.0,4709.0,Newark,Rotterdam-Newark,Netherlands,4.1,1.138181818181818,-1.5120181137359348,220.0,-0.14268292682926825,-2.7721528634912973,246.0,1
2024-01-07,10.0,2642.0,Newark,Rotterdam-Newark,Netherlands,4.1,0.4364640883977899,-1.1350308694214293,181.0,0.16190476190476183,-1.4700229499651656,189.0,1
2024-01-08,15.0,3595.0,Newark,Rotterdam-Newark,Netherlands,4.1,0.7081585081585082,-1.3372441652480873,429.0,0.6221719457013575,-3.095081996337068,221.0,1
2024-01-09,15.0,3086.0,Newark,Rotterdam-Newark,Netherlands,4.1,0.8540485829959515,-0.9955646003316332,494.0,0.7915094339622641,-1.5195075221221694,424.0,1
2024-01-10,10.0,2757.0,Newark,Rotterdam-Newark,Netherlands,4.1,1.344834710743801,-1.822870281230505,484.0,1.5333333333333339,-1.6906516692741282,414.0,1
2024-01-11,11.0,1562.0,Newark,Rotterdam-Newark,Netherlands,4.1,0.3576619273301737,-3.16360682373475,633.0,1.8318518518518523,-2.1034047656935844,540.0,1
2024-01-12,12.0,2253.0,Newark,Rotterdam-Newark,Netherlands,4.1,0.2623978201634882,-3.767043789002838,1101.0,1.4049504950495049,-2.309296117731888,404.0,1
2024-01-13,12.0,2356.0,Newark,Rotterdam-Newark,Netherlands,4.1,-0.25266821345707663,-3.8688806618217155,431.0,1.138181818181818,-1.5120181137359348,220.0,1
2024-01-14,12.0,3625.0,Newark,Rotterdam-Newark,Netherlands,4.1,0.36052631578947364,-3.1532014282219145,380.0,0.4364640883977899,-1.1350308694214293,181.0,1
2024-01-15,16.0,2202.0,Newark,Rotterdam-Newark,Netherlands,4.1,1.1094091903719914,-1.2658621548349607,457.0,0.7081585081585082,-1.3372441652480873,429.0,1
2024-01-16,20.0,4878.0,Newark,Rotterdam-Newark,Netherlands,4.1,1.0684322033898304,-1.3426106947202228,472.0,0.8540485829959515,-0.9955646003316332,494.0,1
2024-01-17,25.0,4766.0,Newark,Rotterdam-Newark,Netherlands,4.1,1.4052188552188556,-1.169637842656895,594.0,1.344834710743801,-1.822870281230505,484.0,1
2024-01-18,21.0,6010.0,Newark,Rotterdam-Newark,Netherlands,4.1,0.925443786982249,-1.261023343828451,507.0,0.3576619273301737,-3.16360682373475,633.0,1
2024-01-19,21.0,6190.0,Newark,Rotterdam-Newark,Netherlands,4.1,0.34402515723270416,-2.128870447242921,477.0,0.2623978201634882,-3.767043789002838,1101.0,1
2024-01-20,19.0,4896.0,Newark,Rotterdam-Newark,Netherlands,4.1,0.639259259259259,-1.5399210775344967,270.0,-0.25266821345707663,-3.8688806618217155,431.0,1
2024-01-21,19.0,4603.0,Newark,Rotterdam-Newark,Netherlands,4.1,0.8561643835616437,-1.3780032373652218,219.0,0.36052631578947364,-3.1532014282219145,380.0,1
2024-01-22,17.0,3487.0,Newark,Rotterdam-Newark,Netherlands,4.1,-0.10263591433278418,-3.3959743945385217,607.0,1.1094091903719914,-1.2658621548349607,457.0,1
2024-01-23,15.0,4725.0,Newark,Rotterdam-Newark,Netherlands,4.1,0.21671469740634008,-3.1098036148020833,694.0,1.0684322033898304,-1.3426106947202228,472.0,1
2024-01-24,18.0,4961.0,Newark,Rotterdam-Newark,Netherlands,4.1,0.5149758454106278,-2.0475447366699377,621.0,1.4052188552188556,-1.169637842656895,594.0,1
2024-01-25,16.0,5290.0,Newark,Rotterdam-Newark,Netherlands,4.1,-0.6521669341894062,-3.192823290544608,623.0,0.925443786982249,-1.261023343828451,507.0,1
2024-01-26,15.0,4428.0,Newark,Rotterdam-Newark,Netherlands,4.1,0.04873501997336875,-3.2048890339099603,751.0,0.34402515723270416,-2.128870447242921,477.0,1
2024-01-27,15.0,3324.0,Newark,Rotterdam-Newark,Netherlands,4.1,0.8812646370023425,-2.355490378243323,427.0,0.639259259259259,-1.5399210775344967,270.0,1
2024-01-28,14.0,3774.0,Newark,Rotterdam-Newark,Netherlands,4.1,2.664199655765919,-4.06083818755633,581.0,0.8561643835616437,-1.3780032373652218,219.0,1
2024-01-29,17.0,4007.0,Newark,Rotterdam-Newark,Netherlands,4.1,2.079967689822294,-2.330452967443044,619.0,-0.10263591433278418,-3.3959743945385217,607.0,1
2024-01-30,20.0,4785.0,Newark,Rotterdam-Newark,Netherlands,4.1,2.2083032490974728,-2.284295819804569,554.0,0.21671469740634008,-3.1098036148020833,694.0,1
2024-01-31,17.0,4841.0,Newark,Rotterdam-Newark,Netherlands,4.1,0.6595813204508857,-2.8219005686243284,621.0,0.5149758454106278,-2.0475447366699377,621.0,1
2024-02-01,18.0,3553.0,Newark,Rotterdam-Newark,Netherlands,4.1,0.7000000000000005,-1.9214964101148324,683.0,-0.6521669341894062,-3.192823290544608,623.0,1
2024-02-02,17.0,4787.0,Newark,Rotterdam-Newark,Netherlands,4.1,0.8930966469428006,-2.6799102103813093,507.0,0.04873501997336875,-3.2048890339099603,751.0,1
2024-02-03,22.0,4923.0,Newark,Rotterdam-Newark,Netherlands,4.1,1.251582278481012,-2.357964533914435,316.0,0.8812646370023425,-2.355490378243323,427.0,1
2024-02-04,14.0,3438.0,Newark,Rotterdam-Newark,Netherlands,4.1,0.3542750929368029,-2.899597877238297,269.0,2.664199655765919,-4.06083818755633,581.0,1
2024-02-05,12.0,3454.0,Newark,Rotterdam-Newark,Netherlands,4.1,1.1571992110453653,-0.9582927177101405,507.0,2.079967689822294,-2.330452967443044,619.0,1
2024-02-06,13.0,3710.0,Newark,Rotterdam-Newark,Netherlands,4.1,0.44568106312292366,-1.637108293289435,602.0,2.2083032490974728,-2.284295819804569,554.0,1
2024-02-07,13.0,3554.0,Newark,Rotterdam-Newark,Netherlands,4.1,0.9543333333333328,-0.8594273809395161,600.0,0.6595813204508857,-2.8219005686243284,621.0,1
2024-02-08,20.0,5045.0,Newark,Rotterdam-Newark,Netherlands,4.1,0.9455089820359283,-0.7419474328522386,501.0,0.7000000000000005,-1.9214964101148324,683.0,1
2024-02-09,15.0,5525.0,Newark,Rotterdam-Newark,Netherlands,4.1,1.3889135254988907,-1.3439770365394565,451.0,0.8930966469428006,-2.6799102103813093,507.0,1
2024-02-10,17.0,4368.0,Newark,Rotterdam-Newark,Netherlands,4.1,1.5806122448979592,-1.59926173859074,294.0,1.251582278481012,-2.357964533914435,316.0,1
2024-02-11,14.0,3871.0,Newark,Rotterdam-Newark,Netherlands,4.1,0.4814126394052045,-2.3349595406319756,269.0,0.3542750929368029,-2.899597877238297,269.0,1
2024-02-12,13.0,3768.0,Newark,Rotterdam-Newark,Netherlands,4.1,0.6588853838065193,-2.850898587060346,951.0,1.1571992110453653,-0.9582927177101405,507.0,1
2024-02-13,13.0,3437.0,Newark,Rotterdam-Newark,Netherlands,4.1,1.1469014084507043,-2.222374974869666,710.0,0.44568106312292366,-1.637108293289435,602.0,1
2024-02-14,15.0,4710.0,Newark,Rotterdam-Newark,Netherlands,4.1,0.8513698630136987,-2.216626531770285,584.0,0.9543333333333328,-0.8594273809395161,600.0,1
2024-02-15,16.0,4905.0,Newark,Rotterdam-Newark,Netherlands,4.1,1.9569686411149831,-1.4206424097928194,574.0,0.9455089820359283,-0.7419474328522386,501.0,1
2024-02-16,14.0,3726.0,Newark,Rotterdam-Newark,Netherlands,4.1,1.2771513353115724,-1.5144462589898262,674.0,1.3889135254988907,-1.3439770365394565,451.0,1
2024-02-17,14.0,3777.0,Newark,Rotterdam-Newark,Netherlands,4.1,0.9051625239005731,-1.785812606100405,523.0,1.5806122448979592,-1.59926173859074,294.0,1
2024-02-18,16.0,4762.0,Newark,Rotterdam-Newark,Netherlands,4.1,0.6279683377308702,-1.9874499706093531,379.0,0.4814126394052045,-2.3349595406319756,269.0,1
2024-02-19,21.0,4364.0,Newark,Rotterdam-Newark,Netherlands,4.1,1.383636363636364,-1.7345120772479845,605.0,0.6588853838065193,-2.850898587060346,951.0,1
2024-02-20,13.0,3660.0,Newark,Rotterdam-Newark,Netherlands,4.1,0.3170212765957444,-1.910823884282234,658.0,1.1469014084507043,-2.222374974869666,710.0,1
2024-02-21,12.0,3261.0,Newark,Rotterdam-Newark,Netherlands,4.1,1.263374485596708,-1.157955527428966,486.0,0.8513698630136987,-2.216626531770285,584.0,1
2024-02-22,16.0,4441.0,Newark,Rotterdam-Newark,Netherlands,4.1,1.3038986354775832,-0.6519700811344541,513.0,1.9569686411149831,-1.4206424097928194,574.0,1
2024-02-23,17.0,5324.0,Newark,Rotterdam-Newark,Netherlands,4.1,1.7818024263431531,0.38532185640296335,577.0,1.2771513353115724,-1.5144462589898262,674.0,1
2024-02-24,21.0,5519.0,Newark,Rotterdam-Newark,Netherlands,4.1,1.962315270935961,-0.27379798751669937,406.0,0.9051625239005731,-1.785812606100405,523.0,1
2024-02-25,17.0,4827.0,Newark,Rotterdam-Newark,Netherlands,4.1,0.42727272727272725,-1.383778827700155,308.0,0.6279683377308702,-1.9874499706093531,379.0,1
2024-02-26,15.0,4360.0,Newark,Rotterdam-Newark,Netherlands,4.1,1.7240366972477064,-1.4859671719942438,545.0,1.383636363636364,-1.7345120772479845,605.0,1
2024-02-27,18.0,4289.0,Newark,Rotterdam-Newark,Netherlands,4.1,1.1351206434316357,-2.1305468225236956,746.0,0.3170212765957444,-1.910823884282234,658.0,1
2024-02-28,19.0,4861.0,Newark,Rotterdam-Newark,Netherlands,4.1,0.371606864274571,-1.7997242715341577,641.0,1.263374485596708,-1.157955527428966,486.0,1
2024-02-29,16.0,5237.0,Newark,Rotterdam-Newark,Netherlands,4.1,1.0817434210526315,-1.3017827769378267,608.0,1.3038986354775832,-0.6519700811344541,513.0,1
2024-03-01,15.0,5269.0,Newark,Rotterdam-Newark,Netherlands,4.1,3.2785315985130095,0.9545986875861491,1076.0,1.7818024263431531,0.38532185640296335,577.0,1
2024-03-02,15.0,4495.0,Newark,Rotterdam-Newark,Netherlands,4.1,2.701331114808654,-0.8209059349643897,601.0,1.962315270935961,-0.27379798751669937,406.0,1
2024-03-03,15.0,4435.0,Newark,Rotterdam-Newark,Netherlands,4.1,1.8295719844357978,-1.1979013581731204,257.0,0.42727272727272725,-1.383778827700155,308.0,1
2024-03-04,16.0,5602.0,Newark,Rotterdam-Newark,Netherlands,4.1,1.741516966067864,-0.7428836722962013,501.0,1.7240366972477064,-1.4859671719942438,545.0,1
2024-03-05,25.0,6473.0,Newark,Rotterdam-Newark,Netherlands,4.1,0.5545161290322583,-2.0921665746105815,620.0,1.1351206434316357,-2.1305468225236956,746.0,1
2024-03-06,20.0,6584.0,Newark,Rotterdam-Newark,Netherlands,4.1,1.0809756097560983,-1.177055845445665,615.0,0.371606864274571,-1.7997242715341577,641.0,1
2024-03-07,15.0,3390.0,Newark,Rotterdam-Newark,Netherlands,4.1,0.45677321156773165,-1.5429363679526467,657.0,1.0817434210526315,-1.3017827769378267,608.0,1
2024-03-08,13.0,3630.0,Newark,Rotterdam-Newark,Netherlands,4.1,0.9354661791590501,-1.0583688201253114,547.0,3.2785315985130095,0.9545986875861491,1076.0,1
2024-03-09,13.0,2984.0,Newark,Rotterdam-Newark,Netherlands,4.1,0.29338521400778184,-1.2666447467216893,257.0,2.701331114808654,-0.8209059349643897,601.0,1
2024-03-10,11.0,2669.0,Newark,Rotterdam-Newark,Netherlands,4.1,0.5484962406015041,-3.4181982139122318,532.0,1.8295719844357978,-1.1979013581731204,257.0,1
2024-03-11,7.0,2551.0,Newark,Rotterdam-Newark,Netherlands,4.1,0.9334399999999998,-1.7840433493668844,625.0,1.741516966067864,-0.7428836722962013,501.0,1
2024-03-12,15.0,3347.0,Newark,Rotterdam-Newark,Netherlands,4.1,1.1738461538461529,-1.537764047040868,520.0,0.5545161290322583,-2.0921665746105815,620.0,1
2024-03-13,17.0,3513.0,Newark,Rotterdam-Newark,Netherlands,4.1,1.5218978102189782,-1.4068573297438363,685.0,1.0809756097560983,-1.177055845445665,615.0,1
2024-03-14,11.0,3608.0,Newark,Rotterdam-Newark,Netherlands,4.1,0.8617886178861787,-0.8632531552523851,615.0,0.45677321156773165,-1.5429363679526467,657.0,1
2024-03-15,15.0,3731.0,Newark,Rotterdam-Newark,Netherlands,4.1,1.2177242888402622,-0.6114343546702092,457.0,0.9354661791590501,-1.0583688201253114,547.0,1
2024-03-16,17.0,4399.0,Newark,Rotterdam-Newark,Netherlands,4.1,1.1464730290456426,-1.6935444395630632,241.0,0.29338521400778184,-1.2666447467216893,257.0,1
2024-03-17,17.0,4777.0,Newark,Rotterdam-Newark,Netherlands,4.1,0.9752941176470591,-1.544366608260083,255.0,0.5484962406015041,-3.4181982139122318,532.0,1
2024-03-18,22.0,4942.0,Newark,Rotterdam-Newark,Netherlands,4.1,1.3612466124661258,-1.0096200056350244,369.0,0.9334399999999998,-1.7840433493668844,625.0,1
2024-03-19,18.0,5277.0,Newark,Rotterdam-Newark,Netherlands,4.1,1.6151335311572703,-0.4112641337120653,337.0,1.1738461538461529,-1.537764047040868,520.0,1
2024-03-20,19.0,6623.0,Newark,Rotterdam-Newark,Netherlands,4.1,1.7519718309859158,-0.5032617560676798,710.0,1.5218978102189782,-1.4068573297438363,685.0,1
2024-03-21,21.0,5500.0,Newark,Rotterdam-Newark,Netherlands,4.1,1.4682458386683739,-1.0024031744864543,781.0,0.8617886178861787,-0.8632531552523851,615.0,1
2024-03-22,20.0,5858.0,Newark,Rotterdam-Newark,Netherlands,4.1,1.3014925373134323,-1.2013180614956198,603.0,1.2177242888402622,-0.6114343546702092,457.0,1
2024-03-23,19.0,6574.0,Newark,Rotterdam-Newark,Netherlands,4.1,1.260337552742616,-1.3105778711627571,237.0,1.1464730290456426,-1.6935444395630632,241.0,1
2024-03-24,18.0,5994.0,Newark,Rotterdam-Newark,Netherlands,4.1,1.0579545454545458,-1.2494014299866913,264.0,0.9752941176470591,-1.544366608260083,255.0,1
2024-03-25,16.0,5106.0,Newark,Rotterdam-Newark,Netherlands,4.1,1.4618556701030931,-1.5357535436705496,485.0,1.3612466124661258,-1.0096200056350244,369.0,1
2024-03-26,16.0,4670.0,Newark,Rotterdam-Newark,Netherlands,4.1,1.377368421052631,-0.3361557993619766,380.0,1.6151335311572703,-0.4112641337120653,337.0,1
2024-03-27,19.0,5219.0,Newark,Rotterdam-Newark,Netherlands,4.1,1.2451672862453533,-0.6276210584047531,538.0,1.7519718309859158,-0.5032617560676798,710.0,1
2024-03-28,19.0,4477.0,Newark,Rotterdam-Newark,Netherlands,4.1,1.7806338028169009,-0.20603973921755203,568.0,1.4682458386683739,-1.0024031744864543,781.0,1
2024-03-29,14.0,4122.0,Newark,Rotterdam-Newark,Netherlands,4.1,1.078863636363637,-1.0857010502678663,440.0,1.3014925373134323,-1.2013180614956198,603.0,1
2024-03-30,18.0,3457.0,Newark,Rotterdam-Newark,Netherlands,4.1,0.10878048780487787,-3.644163818860624,410.0,1.260337552742616,-1.3105778711627571,237.0,1
2024-03-31,10.0,2383.0,Newark,Rotterdam-Newark,Netherlands,4.1,0.9660777385159008,-2.5204819072831404,283.0,1.0579545454545458,-1.2494014299866913,264.0,1
2024-04-01,14.0,3876.0,Newark,Rotterdam-Newark,Netherlands,4.1,1.1778115501519761,-1.5090607761090977,329.0,1.4618556701030931,-1.5357535436705496,485.0,1
2024-04-02,18.0,4887.0,Newark,Rotterdam-Newark,Netherlands,4.1,1.8869983948635642,-1.5693136897528879,623.0,1.377368421052631,-0.3361557993619766,380.0,1
2024-04-03,15.0,5329.0,Newark,Rotterdam-Newark,Netherlands,4.1,1.4402756508422658,-1.3413612599623093,653.0,1.2451672862453533,-0.6276210584047531,538.0,1
2024-04-04,19.0,4421.0,Newark,Rotterdam-Newark,Netherlands,4.1,1.7248658318425754,-0.6115785770951936,559.0,1.7806338028169009,-0.20603973921755203,568.0,1
2024-04-05,16.0,5728.0,Newark,Rotterdam-Newark,Netherlands,4.1,1.4208067940552023,-1.0058770885283554,471.0,1.078863636363637,-1.0857010502678663,440.0,1
2024-04-06,16.0,3622.0,Newark,Rotterdam-Newark,Netherlands,4.1,-1.1735009671179883,-3.4846018596718036,517.0,0.10878048780487787,-3.644163818860624,410.0,1
2024-04-07,20.0,4639.0,Newark,Rotterdam-Newark,Netherlands,4.1,-1.620370370370371,-3.460912297335712,378.0,0.9660777385159008,-2.5204819072831404,283.0,1
2024-04-08,22.0,6148.0,Newark,Rotterdam-Newark,Netherlands,4.1,0.5838582677165354,-2.0902129441397608,508.0,1.1778115501519761,-1.5090607761090977,329.0,1
2024-04-09,23.0,6375.0,Newark,Rotterdam-Newark,Netherlands,4.1,1.4221590909090913,-1.2073542895351244,528.0,1.8869983948635642,-1.5693136897528879,623.0,1
2024-04-10,20.0,6801.0,Newark,Rotterdam-Newark,Netherlands,4.1,0.35010395010395,-1.5863930329142588,481.0,1.4402756508422658,-1.3413612599623093,653.0,1
2024-04-11,22.0,5001.0,Newark,Rotterdam-Newark,Netherlands,4.1,1.2726027397260276,-0.9151327765504379,511.0,1.7248658318425754,-0.6115785770951936,559.0,1
2024-04-12,18.0,7315.0,Newark,Rotterdam-Newark,Netherlands,4.1,2.464157119476269,0.7603495122495059,611.0,1.4208067940552023,-1.0058770885283554,471.0,1
2024-04-13,17.0,4246.0,Newark,Rotterdam-Newark,Netherlands,4.1,0.7361702127659574,-1.8542466164938638,376.0,-1.1735009671179883,-3.4846018596718036,517.0,1
2024-04-14,13.0,3955.0,Newark,Rotterdam-Newark,Netherlands,4.1,0.27392550143266475,-3.473710265386128,349.0,-1.620370370370371,-3.460912297335712,378.0,1
2024-04-15,14.0,4894.0,Newark,Rotterdam-Newark,Netherlands,4.1,1.4687739463601537,-1.2470394973878816,522.0,0.5838582677165354,-2.0902129441397608,508.0,1
2024-04-16,14.0,3336.0,Newark,Rotterdam-Newark,Netherlands,4.1,1.1310218978102193,-1.233319248883251,548.0,1.4221590909090913,-1.2073542895351244,528.0,1
2024-04-17,15.0,3268.0,Newark,Rotterdam-Newark,Netherlands,4.1,1.734630350194552,0.031065083910922567,771.0,0.35010395010395,-1.5863930329142588,481.0,1
2024-04-18,18.0,4361.0,Newark,Rotterdam-Newark,Netherlands,4.1,1.5055412371134027,-0.3327662558102615,776.0,1.2726027397260276,-0.9151327765504379,511.0,1
2024-04-19,16.0,5526.0,Newark,Rotterdam-Newark,Netherlands,4.1,1.2749999999999988,-0.6709578669000531,552.0,2.464157119476269,0.7603495122495059,611.0,1
2024-04-20,23.0,5378.0,Newark,Rotterdam-Newark,Netherlands,4.1,0.7179310344827584,-1.4179803558800546,290.0,0.7361702127659574,-1.8542466164938638,376.0,1
2024-04-21,17.0,4933.0,Newark,Rotterdam-Newark,Netherlands,4.1,1.6866666666666665,-0.208802238305121,240.0,0.27392550143266475,-3.473710265386128,349.0,1
2024-04-22,13.0,4642.0,Newark,Rotterdam-Newark,Netherlands,4.1,1.6805084745762706,0.17167901264822882,590.0,1.4687739463601537,-1.2470394973878816,522.0,1
2024-04-23,17.0,5744.0,Newark,Rotterdam-Newark,Netherlands,4.1,0.8991554054054054,-1.139190503027518,592.0,1.1310218978102193,-1.233319248883251,548.0,1
2024-04-24,16.0,5636.0,Newark,Rotterdam-Newark,Netherlands,4.1,1.0452032520325205,-1.1631365317651325,615.0,1.734630350194552,0.031065083910922567,771.0,1
2024-04-25,17.0,6009.0,Newark,Rotterdam-Newark,Netherlands,4.1,1.4367272727272726,-0.44078755626593974,550.0,1.5055412371134027,-0.3327662558102615,776.0,1
2024-04-26,20.0,6013.0,Newark,Rotterdam-Newark,Netherlands,4.1,1.6597178683385585,0.6275790572081796,638.0,1.2749999999999988,-0.6709578669000531,552.0,1
2024-04-27,15.0,3988.0,Newark,Rotterdam-Newark,Netherlands,4.1,1.3550943396226418,0.1846579848748907,265.0,0.7179310344827584,-1.4179803558800546,290.0,1
2024-04-28,12.0,2615.0,Newark,Rotterdam-Newark,Netherlands,4.1,0.75239852398524,-0.5611128688089163,271.0,1.6866666666666665,-0.208802238305121,240.0,1
2024-04-29,12.0,2862.0,Newark,Rotterdam-Newark,Netherlands,4.1,1.4156504065040652,-0.39740757196797943,492.0,1.6805084745762706,0.17167901264822882,590.0,1
2024-04-30,18.0,5720.0,Newark,Rotterdam-Newark,Netherlands,4.1,0.6449908925318762,-1.2024214094259016,549.0,0.8991554054054054,-1.139190503027518,592.0,1
2024-05-01,20.0,7443.0,Newark,Rotterdam-Newark,Netherlands,4.1,0.8889156626506025,-1.2033546724258906,415.0,1.0452032520325205,-1.1631365317651325,615.0,1
2024-05-02,18.0,6529.0,Newark,Rotterdam-Newark,Netherlands,4.1,1.3115183246073305,-0.5379476691569862,382.0,1.4367272727272726,-0.44078755626593974,550.0,1
2024-05-03,21.0,8173.0,Newark,Rotterdam-Newark,Netherlands,4.1,0.5949602122015915,-1.0602780951467736,377.0,1.6597178683385585,0.6275790572081796,638.0,1
2024-05-04,21.0,8700.0,Newark,Rotterdam-Newark,Netherlands,4.1,0.3228310502283107,-1.2341835665851508,219.0,1.3550943396226418,0.1846579848748907,265.0,1
2024-05-05,21.0,7957.0,Newark,Rotterdam-Newark,Netherlands,4.1,0.6414096916299554,-0.367639980824786,227.0,0.75239852398524,-0.5611128688089163,271.0,1
2024-05-06,22.0,8075.0,Newark,Rotterdam-Newark,Netherlands,4.1,1.378640776699029,-1.0269700264927804,412.0,1.4156504065040652,-0.39740757196797943,492.0,1
2024-05-07,19.0,8080.0,Newark,Rotterdam-Newark,Netherlands,4.1,-0.06782178217821812,-1.649616269080166,808.0,0.6449908925318762,-1.2024214094259016,549.0,1
2024-05-08,23.0,7147.0,Newark,Rotterdam-Newark,Netherlands,4.1,-0.16853448275862068,-1.6778042399262563,696.0,0.8889156626506025,-1.2033546724258906,415.0,1
2024-05-09,21.0,6649.0,Newark,Rotterdam-Newark,Netherlands,4.1,-0.2675767918088736,-2.8368697355783032,586.0,1.3115183246073305,-0.5379476691569862,382.0,1
2024-05-10,18.0,7165.0,Newark,Rotterdam-Newark,Netherlands,4.1,-0.16478873239436603,-2.1831489622020404,426.0,0.5949602122015915,-1.0602780951467736,377.0,1
2024-05-11,21.0,5146.0,Newark,Rotterdam-Newark,Netherlands,4.1,-0.09242761692650336,-1.9145588559367699,449.0,0.3228310502283107,-1.2341835665851508,219.0,1
2024-05-12,15.0,4317.0,Newark,Rotterdam-Newark,Netherlands,4.1,0.7587234042553193,-1.4974586495578688,235.0,0.6414096916299554,-0.367639980824786,227.0,1
2024-05-13,14.0,4267.0,Newark,Rotterdam-Newark,Netherlands,4.1,0.5869198312236288,-1.5397530175199947,474.0,1.378640776699029,-1.0269700264927804,412.0,1
2024-05-14,22.0,7252.0,Newark,Rotterdam-Newark,Netherlands,4.1,0.3494117647058824,-1.8072489737044244,595.0,-0.06782178217821812,-1.649616269080166,808.0,1
2024-05-15,17.0,6948.0,Newark,Rotterdam-Newark,Netherlands,4.1,0.8824324324324329,-1.3349356755209696,518.0,-0.16853448275862068,-1.6778042399262563,696.0,1
2024-05-16,20.0,6979.0,Newark,Rotterdam-Newark,Netherlands,4.1,1.2544846050870149,-1.0872056464653745,747.0,-0.2675767918088736,-2.8368697355783032,586.0,1
2024-05-17,22.0,7371.0,Newark,Rotterdam-Newark,Netherlands,4.1,1.3284389489953636,-1.463359669820865,647.0,-0.16478873239436603,-2.1831489622020404,426.0,1
2024-05-18,21.0,6369.0,Newark,Rotterdam-Newark,Netherlands,4.1,1.716858237547892,-1.237615575729518,261.0,-0.09242761692650336,-1.9145588559367699,449.0,1
2024-05-19,15.0,5933.0,Newark,Rotterdam-Newark,Netherlands,4.1,0.9319371727748693,-1.3507923146545973,191.0,0.7587234042553193,-1.4974586495578688,235.0,1
2024-05-20,16.0,6914.0,Newark,Rotterdam-Newark,Netherlands,4.1,0.295397489539749,-2.9656441496936545,478.0,0.5869198312236288,-1.5397530175199947,474.0,1
2024-05-21,19.0,5783.0,Newark,Rotterdam-Newark,Netherlands,4.1,0.22064000000000006,-2.571301607015613,625.0,0.3494117647058824,-1.8072489737044244,595.0,1
2024-05-22,17.0,7762.0,Newark,Rotterdam-Newark,Netherlands,4.1,0.6244897959183673,-1.4690985390202194,539.0,0.8824324324324329,-1.3349356755209696,518.0,1
2024-05-23,19.0,7494.0,Newark,Rotterdam-Newark,Netherlands,4.1,0.5198039215686273,-1.7651411679154907,510.0,1.2544846050870149,-1.0872056464653745,747.0,1
2024-05-24,21.0,7517.0,Newark,Rotterdam-Newark,Netherlands,4.1,0.9564615384615383,-1.446806385422017,650.0,1.3284389489953636,-1.463359669820865,647.0,1
2024-05-25,21.0,7206.0,Newark,Rotterdam-Newark,Netherlands,4.1,0.05327272727272714,-2.1858034714019015,550.0,1.716858237547892,-1.237615575729518,261.0,1
2024-05-26,18.0,5838.0,Newark,Rotterdam-Newark,Netherlands,4.1,0.11076923076923077,-1.9159893316985326,455.0,0.9319371727748693,-1.3507923146545973,191.0,1
2024-05-27,19.0,5918.0,Newark,Rotterdam-Newark,Netherlands,4.1,0.8889639639639642,-0.9127743931212848,444.0,0.295397489539749,-2.9656441496936545,478.0,1
2024-05-28,15.0,5767.0,Newark,Rotterdam-Newark,Netherlands,4.1,1.4470129870129862,-0.40319894120939687,770.0,0.22064000000000006,-2.571301607015613,625.0,1
2024-05-29,17.0,6426.0,Newark,Rotterdam-Newark,Netherlands,4.1,1.0998405103668263,-1.0450905383385385,627.0,0.6244897959183673,-1.4690985390202194,539.0,1
2024-05-30,20.0,7785.0,Newark,Rotterdam-Newark,Netherlands,4.1,0.9473684210526314,-1.33317269837909,646.0,0.5198039215686273,-1.7651411679154907,510.0,1
2024-05-31,21.0,7789.0,Newark,Rotterdam-Newark,Netherlands,4.1,0.8914999999999997,-1.3217770485532896,600.0,0.9564615384615383,-1.446806385422017,650.0,1
2024-06-01,19.0,6796.0,Newark,Rotterdam-Newark,Netherlands,4.1,1.4917613636363634,-1.3888737299054,352.0,0.05327272727272714,-2.1858034714019015,550.0,1
2024-06-02,20.0,6949.0,Newark,Rotterdam-Newark,Netherlands,4.1,1.254545454545454,-1.2604376233340937,297.0,0.11076923076923077,-1.9159893316985326,455.0,1
2024-06-03,18.0,5864.0,Newark,Rotterdam-Newark,Netherlands,4.1,0.8983576642335765,-1.1949309763666924,548.0,0.8889639639639642,-0.9127743931212848,444.0,1
2024-06-04,19.0,6440.0,Newark,Rotterdam-Newark,Netherlands,4.1,0.8118353344768441,-1.0775139942248422,583.0,1.4470129870129862,-0.40319894120939687,770.0,1
2024-06-05,21.0,7785.0,Newark,Rotterdam-Newark,Netherlands,4.1,1.5319626168224298,-0.5929563175147752,535.0,1.0998405103668263,-1.0450905383385385,627.0,1
2024-06-06,22.0,6265.0,Newark,Rotterdam-Newark,Netherlands,4.1,1.2796774193548377,-0.36131387082959365,620.0,0.9473684210526314,-1.33317269837909,646.0,1
2024-06-07,18.0,7317.0,Newark,Rotterdam-Newark,Netherlands,4.1,-0.03768115942028982,-1.003354148963948,552.0,0.8914999999999997,-1.3217770485532896,600.0,1
2024-06-08,18.0,5897.0,Newark,Rotterdam-Newark,Netherlands,4.1,0.35445544554455444,-1.2207819403275444,303.0,1.4917613636363634,-1.3888737299054,352.0,1
2024-06-09,14.0,4324.0,Newark,Rotterdam-Newark,Netherlands,4.1,0.6515695067264575,-0.41101103198304895,223.0,1.254545454545454,-1.2604376233340937,297.0,1
2024-06-10,17.0,5340.0,Newark,Rotterdam-Newark,Netherlands,4.1,0.9129203539823006,-0.11134745840439378,565.0,0.8983576642335765,-1.1949309763666924,548.0,1
2024-06-11,19.0,6833.0,Newark,Rotterdam-Newark,Netherlands,4.1,1.401047120418849,-0.584978816768369,573.0,0.8118353344768441,-1.0775139942248422,583.0,1
2024-06-12,20.0,6493.0,Newark,Rotterdam-Newark,Netherlands,4.1,0.12623211446740856,-3.077285929539893,629.0,1.5319626168224298,-0.5929563175147752,535.0,1
2024-06-13,26.0,8291.0,Newark,Rotterdam-Newark,Netherlands,4.1,1.4881034482758615,-0.9567207515834695,580.0,1.2796774193548377,-0.36131387082959365,620.0,1
2024-06-14,21.0,7292.0,Newark,Rotterdam-Newark,Netherlands,4.1,1.823395445134575,-0.545501896106809,483.0,-0.03768115942028982,-1.003354148963948,552.0,1
2024-06-15,20.0,7478.0,Newark,Rotterdam-Newark,Netherlands,4.1,0.7082539682539681,-1.3335485952271249,315.0,0.35445544554455444,-1.2207819403275444,303.0,1
2024-06-16,15.0,5997.0,Newark,Rotterdam-Newark,Netherlands,4.1,-0.1451895043731779,-1.2749903079359577,343.0,0.6515695067264575,-0.41101103198304895,223.0,1
2024-06-17,15.0,5802.0,Newark,Rotterdam-Newark,Netherlands,4.1,-0.16605316973415107,-0.8278884499525094,489.0,0.9129203539823006,-0.11134745840439378,565.0,1
2024-06-18,11.0,5535.0,Newark,Rotterdam-Newark,Netherlands,4.1,1.7907246376811585,0.5953885844213734,690.0,1.401047120418849,-0.584978816768369,573.0,1
2024-06-19,15.0,5656.0,Newark,Rotterdam-Newark,Netherlands,4.1,1.0256814921090387,-0.9194457015985378,697.0,0.12623211446740856,-3.077285929539893,629.0,1
2024-06-20,18.0,5756.0,Newark,Rotterdam-Newark,Netherlands,4.1,1.7188340807174893,-0.7263517326367226,669.0,1.4881034482758615,-0.9567207515834695,580.0,1
2024-06-21,14.0,5934.0,Newark,Rotterdam-Newark,Netherlands,4.1,1.1128421052631576,-0.3290556217917857,475.0,1.823395445134575,-0.545501896106809,483.0,1
2024-06-22,18.0,5676.0,Newark,Rotterdam-Newark,Netherlands,4.1,0.7388111888111887,-0.4417352278081317,286.0,0.7082539682539681,-1.3335485952271249,315.0,1
2024-06-23,15.0,7166.0,Newark,Rotterdam-Newark,Netherlands,4.1,0.9220000000000004,-0.8535184331589528,250.0,-0.1451895043731779,-1.2749903079359577,343.0,1
2024-06-24,18.0,5125.0,Newark,Rotterdam-Newark,Netherlands,4.1,0.9947145877378435,0.25900912966787737,473.0,-0.16605316973415107,-0.8278884499525094,489.0,1
2024-06-25,17.0,4799.0,Newark,Rotterdam-Newark,Netherlands,4.1,0.48342644320298,-0.5570128037515122,537.0,1.7907246376811585,0.5953885844213734,690.0,1
2024-06-26,19.0,6576.0,Newark,Rotterdam-Newark,Netherlands,4.1,1.495475113122172,-0.6170441409122436,884.0,1.0256814921090387,-0.9194457015985378,697.0,1
2024-06-27,21.0,7848.0,Newark,Rotterdam-Newark,Netherlands,4.1,0.8899082568807338,-1.448330446282393,545.0,1.7188340807174893,-0.7263517326367226,669.0,1
2024-06-28,19.0,7408.0,Newark,Rotterdam-Newark,Netherlands,4.1,0.8813432835820891,-0.7502823510950426,402.0,1.1128421052631576,-0.3290556217917857,475.0,1
2024-06-29,19.0,6732.0,Newark,Rotterdam-Newark,Netherlands,4.1,1.586991869918699,-0.6924843896371453,246.0,0.7388111888111887,-0.4417352278081317,286.0,1
2024-06-30,16.0,5306.0,Newark,Rotterdam-Newark,Netherlands,4.1,1.164905660377359,-0.32733014551227935,265.0,0.9220000000000004,-0.8535184331589528,250.0,1
2024-07-01,17.0,4653.0,Newark,Rotterdam-Newark,Netherlands,4.1,1.0211581291759466,-0.5547316340436107,449.0,0.9947145877378435,0.25900912966787737,473.0,1
2024-07-02,18.0,4359.0,Newark,Rotterdam-Newark,Netherlands,4.1,1.0382936507936507,0.15230198097982459,504.0,0.48342644320298,-0.5570128037515122,537.0,1
2024-07-03,20.0,7315.0,Newark,Rotterdam-Newark,Netherlands,4.1,1.5593959731543634,-0.05347013645274311,596.0,1.495475113122172,-0.6170441409122436,884.0,1
2024-07-04,18.0,6210.0,Newark,Rotterdam-Newark,Netherlands,4.1,1.3736342042755347,-0.8862062035903392,421.0,0.8899082568807338,-1.448330446282393,545.0,1
2024-07-05,18.0,4660.0,Newark,Rotterdam-Newark,Netherlands,4.1,0.5829268292682926,-0.5069863448719092,369.0,0.8813432835820891,-0.7502823510950426,402.0,1
2024-07-06,16.0,4985.0,Newark,Rotterdam-Newark,Netherlands,4.1,-0.38266129032258056,-1.1122114423861182,248.0,1.586991869918699,-0.6924843896371453,246.0,1
2024-07-07,14.0,3188.0,Newark,Rotterdam-Newark,Netherlands,4.1,1.0186440677966102,-0.2638469733510982,413.0,1.164905660377359,-0.32733014551227935,265.0,1
2024-07-08,18.0,4783.0,Newark,Rotterdam-Newark,Netherlands,4.1,1.2243654822335024,0.02080412151409311,591.0,1.0211581291759466,-0.5547316340436107,449.0,1
2024-07-09,17.0,6822.0,Newark,Rotterdam-Newark,Netherlands,4.1,1.3594170403587447,-0.8808815420729659,446.0,1.0382936507936507,0.15230198097982459,504.0,1
2024-07-10,18.0,6418.0,Newark,Rotterdam-Newark,Netherlands,4.1,2.4752342704149948,-0.3070057278206605,747.0,1.5593959731543634,-0.05347013645274311,596.0,1
2024-07-11,21.0,6726.0,Newark,Rotterdam-Newark,Netherlands,4.1,1.7577952755905502,-0.9612826833526362,635.0,1.3736342042755347,-0.8862062035903392,421.0,1
2024-07-12,21.0,6616.0,Newark,Rotterdam-Newark,Netherlands,4.1,1.255731922398589,-1.3344501826346509,567.0,0.5829268292682926,-0.5069863448719092,369.0,1
2024-07-13,22.0,5419.0,Newark,Rotterdam-Newark,Netherlands,4.1,0.4991836734693878,-1.1650329360916232,245.0,-0.38266129032258056,-1.1122114423861182,248.0,1
2024-07-14,16.0,5449.0,Newark,Rotterdam-Newark,Netherlands,4.1,0.21148936170212806,-1.8304351777673384,235.0,1.0186440677966102,-0.2638469733510982,413.0,1
2024-07-15,20.0,6414.0,Newark,Rotterdam-Newark,Netherlands,4.1,-1.4517241379310342,-2.1770289740423627,464.0,1.2243654822335024,0.02080412151409311,591.0,1
2024-07-16,21.0,6022.0,Newark,Rotterdam-Newark,Netherlands,4.1,-0.88898916967509,-2.164856931570468,554.0,1.3594170403587447,-0.8808815420729659,446.0,1
2024-07-17,18.0,5169.0,Newark,Rotterdam-Newark,Netherlands,4.1,-1.0446835443037974,-3.053231664046071,790.0,2.4752342704149948,-0.3070057278206605,747.0,1
2024-07-18,17.0,4959.0,Newark,Rotterdam-Newark,Netherlands,4.1,0.44851694915254214,-1.3694837304600938,472.0,1.7577952755905502,-0.9612826833526362,635.0,1
2024-07-19,19.0,5655.0,Newark,Rotterdam-Newark,Netherlands,4.1,0.05163147792706324,-1.8676343703310045,521.0,1.255731922398589,-1.3344501826346509,567.0,1
2024-07-20,19.0,6295.0,Newark,Rotterdam-Newark,Netherlands,4.1,0.4519148936170215,-1.9204507989233095,235.0,0.4991836734693878,-1.1650329360916232,245.0,1
2024-07-21,18.0,5067.0,Newark,Rotterdam-Newark,Netherlands,4.1,0.2999999999999999,-1.3202280365934267,229.0,0.21148936170212806,-1.8304351777673384,235.0,1
2024-07-22,19.0,7224.0,Newark,Rotterdam-Newark,Netherlands,4.1,0.11561338289962819,-0.6610592732981856,269.0,-1.4517241379310342,-2.1770289740423627,464.0,1
2024-07-23,19.0,7017.0,Newark,Rotterdam-Newark,Netherlands,4.1,0.6574850299401197,-0.8785203133175796,334.0,-0.88898916967509,-2.164856931570468,554.0,1
2024-07-24,21.0,7044.0,Newark,Rotterdam-Newark,Netherlands,4.1,-0.05771812080536921,-0.8172451711422831,298.0,-1.0446835443037974,-3.053231664046071,790.0,1
2024-07-25,23.0,7619.0,Newark,Rotterdam-Newark,Netherlands,4.1,1.6129411764705892,-0.8981843673178314,510.0,0.44851694915254214,-1.3694837304600938,472.0,1
2024-07-26,26.0,8759.0,Newark,Rotterdam-Newark,Netherlands,4.1,0.9270967741935486,-0.9702143768815877,310.0,0.05163147792706324,-1.8676343703310045,521.0,1
2024-07-27,27.0,9025.0,Newark,Rotterdam-Newark,Netherlands,4.1,0.7268722466960353,-0.5089174158530534,227.0,0.4519148936170215,-1.9204507989233095,235.0,1
2024-07-28,25.0,7876.0,Newark,Rotterdam-Newark,Netherlands,4.1,0.5900452488687784,-2.3456459061901507,221.0,0.2999999999999999,-1.3202280365934267,229.0,1
2024-07-29,20.0,6606.0,Newark,Rotterdam-Newark,Netherlands,4.1,0.40714285714285653,-1.9939445845511983,378.0,0.11561338289962819,-0.6610592732981856,269.0,1
2024-07-30,20.0,8018.0,Newark,Rotterdam-Newark,Netherlands,4.1,1.366549295774648,-1.119455313318825,284.0,0.6574850299401197,-0.8785203133175796,334.0,1
2024-07-31,18.0,7940.0,Newark,Rotterdam-Newark,Netherlands,4.1,0.9386227544910178,-0.9691959975958456,334.0,-0.05771812080536921,-0.8172451711422831,298.0,1
2024-08-01,26.0,6307.0,Newark,Rotterdam-Newark,Netherlands,4.1,-0.02945945945945938,-1.1183170554348965,370.0,1.6129411764705892,-0.8981843673178314,510.0,1
2024-08-02,22.0,6604.0,Newark,Rotterdam-Newark,Netherlands,4.1,-0.041791044776119446,-1.108711505054551,268.0,0.9270967741935486,-0.9702143768815877,310.0,1
2024-08-03,19.0,4888.0,Newark,Rotterdam-Newark,Netherlands,4.1,0.2556756756756755,-1.4801233182737203,185.0,0.7268722466960353,-0.5089174158530534,227.0,1
2024-08-04,17.0,4806.0,Newark,Rotterdam-Newark,Netherlands,4.1,-0.0681818181818182,-2.4364322707642017,286.0,0.5900452488687784,-2.3456459061901507,221.0,1
2024-08-05,15.0,5213.0,Newark,Rotterdam-Newark,Netherlands,4.1,0.5738578680203046,-1.5364340827324243,394.0,0.40714285714285653,-1.9939445845511983,378.0,1
2024-08-06,14.0,4546.0,Newark,Rotterdam-Newark,Netherlands,4.1,0.7896551724137932,-1.2019710677263398,290.0,1.366549295774648,-1.119455313318825,284.0,1
2024-08-07,17.0,4784.0,Newark,Rotterdam-Newark,Netherlands,4.1,0.45102040816326544,-1.1268814989785085,294.0,0.9386227544910178,-0.9691959975958456,334.0,1
2024-08-08,18.0,6801.0,Newark,Rotterdam-Newark,Netherlands,4.1,0.5325301204819277,-0.3883105698313298,332.0,-0.02945945945945938,-1.1183170554348965,370.0,1
2024-08-09,17.0,6536.0,Newark,Rotterdam-Newark,Netherlands,4.1,0.5213286713286712,-1.014847626404708,286.0,-0.041791044776119446,-1.108711505054551,268.0,1
2024-08-10,22.0,7327.0,Newark,Rotterdam-Newark,Netherlands,4.1,1.2889908256880733,-0.08147385785318162,218.0,0.2556756756756755,-1.4801233182737203,185.0,1
2024-08-11,26.0,8010.0,Newark,Rotterdam-Newark,Netherlands,4.1,0.9783439490445855,-1.905380168994528,157.0,-0.0681818181818182,-2.4364322707642017,286.0,1
2024-08-12,21.0,6198.0,Newark,Rotterdam-Newark,Netherlands,4.1,0.49665271966527214,-1.1804451742736646,239.0,0.5738578680203046,-1.5364340827324243,394.0,1
2024-08-13,19.0,6855.0,Newark,Rotterdam-Newark,Netherlands,4.1,1.0649006622516557,-0.11579203960141829,302.0,0.7896551724137932,-1.2019710677263398,290.0,1
2024-08-14,21.0,6085.0,Newark,Rotterdam-Newark,Netherlands,4.1,1.025182481751825,-0.7288365568701631,274.0,0.45102040816326544,-1.1268814989785085,294.0,1
2024-08-15,19.0,5320.0,Newark,Rotterdam-Newark,Netherlands,4.1,1.0830409356725146,-1.3339822867603168,342.0,0.5325301204819277,-0.3883105698313298,332.0,1
2024-08-16,18.0,4817.0,Newark,Rotterdam-Newark,Netherlands,4.1,1.192349726775956,-0.7813029829607593,366.0,0.5213286713286712,-1.014847626404708,286.0,1
2024-08-17,22.0,5566.0,Newark,Rotterdam-Newark,Netherlands,4.1,0.8857142857142857,-0.8784272081966924,189.0,1.2889908256880733,-0.08147385785318162,218.0,1
2024-08-18,18.0,5814.0,Newark,Rotterdam-Newark,Netherlands,4.1,0.7607142857142857,-1.1505832601669297,168.0,0.9783439490445855,-1.905380168994528,157.0,1
2024-08-19,17.0,5185.0,Newark,Rotterdam-Newark,Netherlands,4.1,1.0647855530474049,-1.358051144335443,443.0,0.49665271966527214,-1.1804451742736646,239.0,1
2024-08-20,15.0,4602.0,Newark,Rotterdam-Newark,Netherlands,4.1,1.4099706744868041,-1.3680898331508595,341.0,1.0649006622516557,-0.11579203960141829,302.0,1
2024-08-21,18.0,4911.0,Newark,Rotterdam-Newark,Netherlands,4.1,0.7383177570093455,-1.9396332833515433,321.0,1.025182481751825,-0.7288365568701631,274.0,1
2024-08-22,19.0,4895.0,Newark,Rotterdam-Newark,Netherlands,4.1,1.0072319201995013,-0.9269696398268558,401.0,1.0830409356725146,-1.3339822867603168,342.0,1
2024-08-23,22.0,5546.0,Newark,Rotterdam-Newark,Netherlands,4.1,0.9355091383812011,-0.9709545592089273,383.0,1.192349726775956,-0.7813029829607593,366.0,1
2024-08-24,18.0,5111.0,Newark,Rotterdam-Newark,Netherlands,4.1,0.8477178423236522,-1.33852095885999,241.0,0.8857142857142857,-0.8784272081966924,189.0,1
2024-08-25,18.0,4515.0,Newark,Rotterdam-Newark,Netherlands,4.1,0.3782857142857144,-0.38084177536777886,175.0,0.7607142857142857,-1.1505832601669297,168.0,1
2024-08-26,15.0,3852.0,Newark,Rotterdam-Newark,Netherlands,4.1,0.4218085106382976,-0.3951607344407316,376.0,1.0647855530474049,-1.358051144335443,443.0,1
2024-08-27,10.0,2894.0,Newark,Rotterdam-Newark,Netherlands,4.1,0.7395348837209306,-1.1966988521624837,387.0,1.4099706744868041,-1.3680898331508595,341.0,1
2024-08-28,14.0,4302.0,Newark,Rotterdam-Newark,Netherlands,4.1,0.7665083135391926,-1.4929673884439818,421.0,0.7383177570093455,-1.9396332833515433,321.0,1
2024-08-29,15.0,5570.0,Newark,Rotterdam-Newark,Netherlands,4.1,0.34654832347140013,-2.3131105817932958,507.0,1.0072319201995013,-0.9269696398268558,401.0,1
2024-08-30,18.0,7193.0,Newark,Rotterdam-Newark,Netherlands,4.1,1.0778054862842892,-1.540681688038483,401.0,0.9355091383812011,-0.9709545592089273,383.0,1
2024-08-31,18.0,6317.0,Newark,Rotterdam-Newark,Netherlands,4.1,0.8983673469387756,-2.0708469377090664,245.0,0.8477178423236522,-1.33852095885999,241.0,1
2024-09-01,17.0,5241.0,Newark,Rotterdam-Newark,Netherlands,4.1,1.348689138576779,-1.6380668733222545,267.0,0.3782857142857144,-0.38084177536777886,175.0,1
2024-09-02,12.0,3456.0,Newark,Rotterdam-Newark,Netherlands,4.1,1.582847341337907,-0.23326988449784358,583.0,0.4218085106382976,-0.3951607344407316,376.0,1
2024-09-03,15.0,4613.0,Newark,Rotterdam-Newark,Netherlands,4.1,1.341217391304348,-1.31247147024991,575.0,0.7395348837209306,-1.1966988521624837,387.0,1
2024-09-04,20.0,5886.0,Newark,Rotterdam-Newark,Netherlands,4.1,0.5515384615384615,-1.3394912858025132,390.0,0.7665083135391926,-1.4929673884439818,421.0,1
2024-09-05,20.0,7081.0,Newark,Rotterdam-Newark,Netherlands,4.1,0.5291015625000001,-1.9737600195635143,512.0,0.34654832347140013,-2.3131105817932958,507.0,1
2024-09-06,18.0,6098.0,Newark,Rotterdam-Newark,Netherlands,4.1,1.2185654008438813,-0.4421334601245348,474.0,1.0778054862842892,-1.540681688038483,401.0,1
2024-09-07,18.0,5239.0,Newark,Rotterdam-Newark,Netherlands,4.1,1.3165562913907285,-0.26317991225856113,302.0,0.8983673469387756,-2.0708469377090664,245.0,1
2024-09-08,15.0,5557.0,Newark,Rotterdam-Newark,Netherlands,4.1,1.4475806451612905,-2.667100353834598,248.0,1.348689138576779,-1.6380668733222545,267.0,1
2024-09-09,14.0,4470.0,Newark,Rotterdam-Newark,Netherlands,4.1,1.383901515151515,-1.6259751211163267,528.0,1.582847341337907,-0.23326988449784358,583.0,1
2024-09-10,17.0,3823.0,Newark,Rotterdam-Newark,Netherlands,4.1,1.1171428571428572,-1.3463943064639452,560.0,1.341217391304348,-1.31247147024991,575.0,1
2024-09-11,18.0,5123.0,Newark,Rotterdam-Newark,Netherlands,4.1,0.9307860262008739,-0.8201368657244487,458.0,0.5515384615384615,-1.3394912858025132,390.0,1
2024-09-12,15.0,4560.0,Newark,Rotterdam-Newark,Netherlands,4.1,1.0770601336302892,-0.9245428440759174,449.0,0.5291015625000001,-1.9737600195635143,512.0,1
2024-09-13,16.0,4140.0,Newark,Rotterdam-Newark,Netherlands,4.1,0.881894736842105,-2.093251447368312,475.0,1.2185654008438813,-0.4421334601245348,474.0,1
2024-09-14,18.0,4871.0,Newark,Rotterdam-Newark,Netherlands,4.1,0.3199233716475095,-1.3684033018105,261.0,1.3165562913907285,-0.26317991225856113,302.0,1
2024-09-15,16.0,4561.0,Newark,Rotterdam-Newark,Netherlands,4.1,0.3661290322580643,-1.3523110935422977,186.0,1.4475806451612905,-2.667100353834598,248.0,1
2024-09-16,21.0,4728.0,Newark,Rotterdam-Newark,Netherlands,4.1,1.178983833718245,-0.8511323146864369,433.0,1.383901515151515,-1.6259751211163267,528.0,1
2024-09-17,22.0,5374.0,Newark,Rotterdam-Newark,Netherlands,4.1,1.4041775456919063,-0.5016384004479363,383.0,1.1171428571428572,-1.3463943064639452,560.0,1
2024-09-18,20.0,6643.0,Newark,Rotterdam-Newark,Netherlands,4.1,0.9989556135770237,-0.8074947779144295,383.0,0.9307860262008739,-0.8201368657244487,458.0,1
2024-09-19,29.0,7630.0,Newark,Rotterdam-Newark,Netherlands,4.1,0.957659574468085,-1.2574499451055337,470.0,1.0770601336302892,-0.9245428440759174,449.0,1
2024-09-20,17.0,6068.0,Newark,Rotterdam-Newark,Netherlands,4.1,-0.006289308176100756,-2.5512142120244152,477.0,0.881894736842105,-2.093251447368312,475.0,1
2024-09-21,20.0,6154.0,Newark,Rotterdam-Newark,Netherlands,4.1,0.6675572519083968,-1.662472557844254,262.0,0.3199233716475095,-1.3684033018105,261.0,1
2024-09-22,21.0,6025.0,Newark,Rotterdam-Newark,Netherlands,4.1,1.2397959183673475,-0.8977735633229211,196.0,0.3661290322580643,-1.3523110935422977,186.0,1
2024-09-23,15.0,5826.0,Newark,Rotterdam-Newark,Netherlands,4.1,0.9741433021806852,-0.6164597289493587,321.0,1.178983833718245,-0.8511323146864369,433.0,1
2024-09-24,20.0,5433.0,Newark,Rotterdam-Newark,Netherlands,4.1,1.935,-0.6595723323082632,420.0,1.4041775456919063,-0.5016384004479363,383.0,1
2024-09-25,18.0,4270.0,Newark,Rotterdam-Newark,Netherlands,4.1,1.4693877551020416,-0.8638914770424354,392.0,0.9989556135770237,-0.8074947779144295,383.0,1
2024-09-26,18.0,6213.0,Newark,Rotterdam-Newark,Netherlands,4.1,0.9513297872340426,-0.3985968504864283,376.0,0.957659574468085,-1.2574499451055337,470.0,1
2024-09-27,18.0,6329.0,Newark,Rotterdam-Newark,Netherlands,4.1,0.5284600389863547,-1.3938851408531898,513.0,-0.006289308176100756,-2.5512142120244152,477.0,1
2024-09-28,21.0,3237.0,Newark,Rotterdam-Newark,Netherlands,4.1,0.8687134502923972,-1.6649338928717017,342.0,0.6675572519083968,-1.662472557844254,262.0,1
2024-09-29,21.0,7041.0,Newark,Rotterdam-Newark,Netherlands,4.1,0.6584615384615389,-1.5876903168843441,195.0,1.2397959183673475,-0.8977735633229211,196.0,1
2024-09-30,16.0,4570.0,Newark,Rotterdam-Newark,Netherlands,4.1,1.5747967479674805,-1.2603053217187878,369.0,0.9741433021806852,-0.6164597289493587,321.0,1
2024-10-01,7.0,2571.0,Newark,Rotterdam-Newark,Netherlands,4.1,1.4047385620915034,-0.07308192785968314,612.0,1.935,-0.6595723323082632,420.0,1
2024-10-02,5.0,1929.0,Newark,Rotterdam-Newark,Netherlands,4.1,0.802233676975945,-1.213184984700299,582.0,1.4693877551020416,-0.8638914770424354,392.0,1
2024-10-03,5.0,1851.0,Newark,Rotterdam-Newark,Netherlands,4.1,1.009327548806941,-0.6124381067935384,461.0,0.9513297872340426,-0.3985968504864283,376.0,1
2024-10-04,12.0,2980.0,Newark,Rotterdam-Newark,Netherlands,4.1,1.2780737704918017,-1.7979555457154195,488.0,0.5284600389863547,-1.3938851408531898,513.0,1
2024-10-05,19.0,5882.0,Newark,Rotterdam-Newark,Netherlands,4.1,0.7026315789473685,-1.5493924315090957,304.0,0.8687134502923972,-1.6649338928717017,342.0,1
2024-10-06,21.0,5899.0,Newark,Rotterdam-Newark,Netherlands,4.1,1.7249999999999996,-1.45782463288292,372.0,0.6584615384615389,-1.5876903168843441,195.0,1
2024-10-07,19.0,5539.0,Newark,Rotterdam-Newark,Netherlands,4.1,1.8519699812382746,-1.20687058415215,533.0,1.5747967479674805,-1.2603053217187878,369.0,1
2024-10-08,18.0,4244.0,Newark,Rotterdam-Newark,Netherlands,4.1,0.4152619589977222,-1.940974010936056,439.0,1.4047385620915034,-0.07308192785968314,612.0,1
2024-10-09,18.0,4492.0,Newark,Rotterdam-Newark,Netherlands,4.1,0.7279999999999998,-1.4716509156102942,400.0,0.802233676975945,-1.213184984700299,582.0,1
2024-10-10,16.0,4552.0,Newark,Rotterdam-Newark,Netherlands,4.1,0.9629707112970709,-1.101497905203083,478.0,1.009327548806941,-0.6124381067935384,461.0,1
2024-10-11,19.0,5565.0,Newark,Rotterdam-Newark,Netherlands,4.1,0.52,-0.906997526957586,400.0,1.2780737704918017,-1.7979555457154195,488.0,1
2024-10-12,22.0,5980.0,Newark,Rotterdam-Newark,Netherlands,4.1,0.3117391304347828,-2.6222384614009813,230.0,0.7026315789473685,-1.5493924315090957,304.0,1
2024-10-13,19.0,5243.0,Newark,Rotterdam-Newark,Netherlands,4.1,1.5780821917808217,0.2162415627887191,146.0,1.7249999999999996,-1.45782463288292,372.0,1
2024-10-14,14.0,3022.0,Newark,Rotterdam-Newark,Netherlands,4.1,0.9817518248175177,-1.5174069856389325,411.0,1.8519699812382746,-1.20687058415215,533.0,1
2024-10-15,12.0,3165.0,Newark,Rotterdam-Newark,Netherlands,4.1,0.6730223123732242,-1.0609539637301995,493.0,0.4152619589977222,-1.940974010936056,439.0,1
2024-10-16,10.0,3207.0,Newark,Rotterdam-Newark,Netherlands,4.1,0.9294017094017099,-1.4915978942995949,585.0,0.7279999999999998,-1.4716509156102942,400.0,1
2024-10-17,13.0,3638.0,Newark,Rotterdam-Newark,Netherlands,4.1,1.6557959814528596,-1.0529761500294872,647.0,0.9629707112970709,-1.101497905203083,478.0,1
2024-10-18,18.0,4896.0,Newark,Rotterdam-Newark,Netherlands,4.1,1.1294736842105264,-1.1539118296379542,475.0,0.52,-0.906997526957586,400.0,1
2024-10-19,18.0,4381.0,Newark,Rotterdam-Newark,Netherlands,4.1,1.7610714285714282,-0.34868931871425257,280.0,0.3117391304347828,-2.6222384614009813,230.0,1
2024-10-20,16.0,4332.0,Newark,Rotterdam-Newark,Netherlands,4.1,0.9322580645161289,-0.6217060264740565,217.0,1.5780821917808217,0.2162415627887191,146.0,1
2024-10-21,19.0,5175.0,Newark,Rotterdam-Newark,Netherlands,4.1,1.3335211267605644,0.5663633918193178,355.0,0.9817518248175177,-1.5174069856389325,411.0,1
2024-10-22,20.0,5664.0,Newark,Rotterdam-Newark,Netherlands,4.1,0.7899581589958159,-1.2627100059531216,478.0,0.6730223123732242,-1.0609539637301995,493.0,1
2024-10-23,21.0,6367.0,Newark,Rotterdam-Newark,Netherlands,4.1,1.2236406619385345,-1.414798788719409,423.0,0.9294017094017099,-1.4915978942995949,585.0,1
2024-10-24,21.0,6182.0,Newark,Rotterdam-Newark,Netherlands,4.1,0.9859410430838997,-0.9960876161850245,441.0,1.6557959814528596,-1.0529761500294872,647.0,1
2024-10-25,22.0,6340.0,Newark,Rotterdam-Newark,Netherlands,4.1,0.6837638376383766,-1.685210231311074,542.0,1.1294736842105264,-1.1539118296379542,475.0,1
2024-10-26,18.0,5762.0,Newark,Rotterdam-Newark,Netherlands,4.1,0.14885496183206098,-0.920806346052073,262.0,1.7610714285714282,-0.34868931871425257,280.0,1
2024-10-27,20.0,4358.0,Newark,Rotterdam-Newark,Netherlands,4.1,0.9356382978723405,-0.6265687308900808,188.0,0.9322580645161289,-0.6217060264740565,217.0,1
2024-10-28,18.0,5031.0,Newark,Rotterdam-Newark,Netherlands,4.1,0.9670241286863269,-0.9926391201877718,373.0,1.3335211267605644,0.5663633918193178,355.0,1
2024-10-29,17.0,4246.0,Newark,Rotterdam-Newark,Netherlands,4.1,0.9303278688524599,-1.1245410379876664,366.0,0.7899581589958159,-1.2627100059531216,478.0,1
2024-10-30,19.0,5683.0,Newark,Rotterdam-Newark,Netherlands,4.1,0.7989417989417991,-1.7519449378582805,378.0,1.2236406619385345,-1.414798788719409,423.0,1
2024-10-31,20.0,5478.0,Newark,Rotterdam-Newark,Netherlands,4.1,1.764615384615385,-0.46504805408647626,390.0,0.9859410430838997,-0.9960876161850245,441.0,1
2024-11-01,18.0,4557.0,Newark,Rotterdam-Newark,Netherlands,4.1,0.872340425531915,-1.0159998590077186,282.0,0.6837638376383766,-1.685210231311074,542.0,1
2024-11-02,16.0,3507.0,Newark,Rotterdam-Newark,Netherlands,4.1,1.4181818181818184,-0.4687122512901473,187.0,0.14885496183206098,-0.920806346052073,262.0,1
2024-11-03,20.0,5176.0,Newark,Rotterdam-Newark,Netherlands,4.1,0.6267080745341616,-0.3987604307183091,161.0,0.9356382978723405,-0.6265687308900808,188.0,1
2024-11-04,17.0,4120.0,Newark,Rotterdam-Newark,Netherlands,4.1,0.6705501618122973,-0.4285957508378035,309.0,0.9670241286863269,-0.9926391201877718,373.0,1
2024-11-05,15.0,3815.0,Newark,Rotterdam-Newark,Netherlands,4.1,0.1133204633204632,-1.9830792259427625,518.0,0.9303278688524599,-1.1245410379876664,366.0,1
2024-11-06,17.0,3908.0,Newark,Rotterdam-Newark,Netherlands,4.1,0.6164609053497943,-0.8396727042108567,486.0,0.7989417989417991,-1.7519449378582805,378.0,1
2024-11-07,14.0,4073.0,Newark,Rotterdam-Newark,Netherlands,4.1,0.9123222748815166,-1.0486554434988389,422.0,1.764615384615385,-0.46504805408647626,390.0,1
2024-11-08,16.0,3988.0,Newark,Rotterdam-Newark,Netherlands,4.1,-0.34278768233387363,-2.873220578027205,617.0,0.872340425531915,-1.0159998590077186,282.0,1
2024-11-09,15.0,3051.0,Newark,Rotterdam-Newark,Netherlands,4.1,-0.32917933130699106,-2.255641527049126,329.0,1.4181818181818184,-0.4687122512901473,187.0,1
2024-11-10,12.0,2934.0,Newark,Rotterdam-Newark,Netherlands,4.1,-1.4120000000000008,-2.6577847493026736,350.0,0.6267080745341616,-0.3987604307183091,161.0,1
2024-11-11,10.0,2826.0,Newark,Rotterdam-Newark,Netherlands,4.1,-0.40351562500000016,-1.9278438198860877,512.0,0.6705501618122973,-0.4285957508378035,309.0,1
2024-11-12,8.0,2147.0,Newark,Rotterdam-Newark,Netherlands,4.1,0.4535294117647054,-1.2135855595200362,680.0,0.1133204633204632,-1.9830792259427625,518.0,1
2024-11-13,12.0,2273.0,Newark,Rotterdam-Newark,Netherlands,4.1,0.46994633273703035,-1.7537546889681048,559.0,0.6164609053497943,-0.8396727042108567,486.0,1
2024-11-14,16.0,5198.0,Newark,Rotterdam-Newark,Netherlands,4.1,0.8445086705202312,-1.1079462427810332,519.0,0.9123222748815166,-1.0486554434988389,422.0,1
2024-11-15,16.0,4695.0,Newark,Rotterdam-Newark,Netherlands,4.1,0.3330254041570436,-1.6529979456006267,433.0,-0.34278768233387363,-2.873220578027205,617.0,1
2024-11-16,16.0,3957.0,Newark,Rotterdam-Newark,Netherlands,4.1,0.21518987341772156,-1.8983598738863137,237.0,-0.32917933130699106,-2.255641527049126,329.0,1
2024-11-17,16.0,3213.0,Newark,Rotterdam-Newark,Netherlands,4.1,0.05238095238095211,-2.128156583135955,168.0,-1.4120000000000008,-2.6577847493026736,350.0,1
2024-11-18,16.0,3398.0,Newark,Rotterdam-Newark,Netherlands,4.1,0.035809018567639184,-1.753004270024964,377.0,-0.40351562500000016,-1.9278438198860877,512.0,1
2024-11-19,18.0,5250.0,Newark,Rotterdam-Newark,Netherlands,4.1,0.38624999999999987,-0.9924203824680302,400.0,0.4535294117647054,-1.2135855595200362,680.0,1
2024-11-20,24.0,7109.0,Newark,Rotterdam-Newark,Netherlands,4.1,0.8368038740920098,-0.3708980376650515,413.0,0.46994633273703035,-1.7537546889681048,559.0,1
2024-11-21,19.0,5177.0,Newark,Rotterdam-Newark,Netherlands,4.1,-0.4683870967741927,-3.8104059088842255,775.0,0.8445086705202312,-1.1079462427810332,519.0,1
2024-11-22,17.0,3840.0,Newark,Rotterdam-Newark,Netherlands,4.1,0.33108384458077744,-3.7125499034427962,978.0,0.3330254041570436,-1.6529979456006267,433.0,1
2024-11-23,16.0,4608.0,Newark,Rotterdam-Newark,Netherlands,4.1,0.9140756302521009,-2.424644494044614,476.0,0.21518987341772156,-1.8983598738863137,237.0,1
2024-11-24,15.0,3896.0,Newark,Rotterdam-Newark,Netherlands,4.1,0.754014598540146,-1.521156742599196,274.0,0.05238095238095211,-2.128156583135955,168.0,1
2024-11-25,17.0,5030.0,Newark,Rotterdam-Newark,Netherlands,4.1,0.5589861751152072,-1.3705565096708867,434.0,0.035809018567639184,-1.753004270024964,377.0,1
2024-11-26,20.0,7133.0,Newark,Rotterdam-Newark,Netherlands,4.1,0.41349557522123864,-1.7660952221876671,452.0,0.38624999999999987,-0.9924203824680302,400.0,1
2024-11-27,22.0,6882.0,Newark,Rotterdam-Newark,Netherlands,4.1,0.6045112781954884,-2.003705768818765,532.0,0.8368038740920098,-0.3708980376650515,413.0,1
2024-11-28,15.0,6437.0,Newark,Rotterdam-Newark,Netherlands,4.1,0.6594771241830071,-1.5572024380742875,459.0,-0.4683870967741927,-3.8104059088842255,775.0,1
2024-11-29,19.0,8210.0,Newark,Rotterdam-Newark,Netherlands,4.1,0.5407484407484409,-1.6670597927314987,481.0,0.33108384458077744,-3.7125499034427962,978.0,1
2024-11-30,21.0,6586.0,Newark,Rotterdam-Newark,Netherlands,4.1,0.44904942965779465,-1.5011155993716991,263.0,0.9140756302521009,-2.424644494044614,476.0,1
2024-12-01,17.0,5253.0,Newark,Rotterdam-Newark,Netherlands,4.1,0.7845744680851063,-0.9242721556440828,188.0,0.754014598540146,-1.521156742599196,274.0,1
2024-12-02,24.0,5632.0,Newark,Rotterdam-Newark,Netherlands,4.1,0.8712895377128951,-1.0106699432223931,411.0,0.5589861751152072,-1.3705565096708867,434.0,1
2024-12-03,20.0,7046.0,Newark,Rotterdam-Newark,Netherlands,4.1,0.32504930966469425,-1.1657623825018129,507.0,0.41349557522123864,-1.7660952221876671,452.0,1
2024-12-04,19.0,5858.0,Newark,Rotterdam-Newark,Netherlands,4.1,0.3198818897637796,-0.6853535788722028,508.0,0.6045112781954884,-2.003705768818765,532.0,1
2024-12-05,20.0,5792.0,Newark,Rotterdam-Newark,Netherlands,4.1,0.7546906187624751,-1.3087575850246238,501.0,0.6594771241830071,-1.5572024380742875,459.0,1
2024-12-06,22.0,5635.0,Newark,Rotterdam-Newark,Netherlands,4.1,0.7627684964200476,-1.4269092934907972,419.0,0.5407484407484409,-1.6670597927314987,481.0,1
2024-12-07,18.0,5713.0,Newark,Rotterdam-Newark,Netherlands,4.1,-0.05036764705882357,-4.366478631592515,272.0,0.44904942965779465,-1.5011155993716991,263.0,1
2024-12-08,17.0,5228.0,Newark,Rotterdam-Newark,Netherlands,4.1,0.9547445255474449,-3.6622586665194166,274.0,0.7845744680851063,-0.9242721556440828,188.0,1
2024-12-09,18.0,4064.0,Newark,Rotterdam-Newark,Netherlands,4.1,-0.08263358778625962,-1.8154493571646624,524.0,0.8712895377128951,-1.0106699432223931,411.0,1
2024-12-10,16.0,4369.0,Newark,Rotterdam-Newark,Netherlands,4.1,0.7380281690140844,-1.3264617582454652,568.0,0.32504930966469425,-1.1657623825018129,507.0,1
2024-12-11,15.0,3845.0,Newark,Rotterdam-Newark,Netherlands,4.1,0.6725868725868727,-1.871936636433607,518.0,0.3198818897637796,-0.6853535788722028,508.0,1
2024-12-12,15.0,4581.0,Newark,Rotterdam-Newark,Netherlands,4.1,1.254696132596685,-0.9472421340642737,543.0,0.7546906187624751,-1.3087575850246238,501.0,1
2024-12-13,20.0,5624.0,Newark,Rotterdam-Newark,Netherlands,4.1,0.612820512820513,-1.953348689324062,663.0,0.7627684964200476,-1.4269092934907972,419.0,1
2024-12-14,21.0,4632.0,Newark,Rotterdam-Newark,Netherlands,4.1,1.237025316455696,-2.350011609987957,316.0,-0.05036764705882357,-4.366478631592515,272.0,1
2024-12-15,18.0,5670.0,Newark,Rotterdam-Newark,Netherlands,4.1,1.0096153846153846,-2.2804930775162955,208.0,0.9547445255474449,-3.6622586665194166,274.0,1
2024-12-16,16.0,4239.0,Newark,Rotterdam-Newark,Netherlands,4.1,0.5014084507042256,-1.1204154064401923,426.0,-0.08263358778625962,-1.8154493571646624,524.0,1
2024-12-17,20.0,5479.0,Newark,Rotterdam-Newark,Netherlands,4.1,0.6349514563106796,-1.2074194175557462,412.0,0.7380281690140844,-1.3264617582454652,568.0,1
2024-12-18,21.0,5731.0,Newark,Rotterdam-Newark,Netherlands,4.1,0.9823529411764703,-0.10436335475997849,527.0,0.6725868725868727,-1.871936636433607,518.0,1
2024-12-19,21.0,5351.0,Newark,Rotterdam-Newark,Netherlands,4.1,1.4651376146788995,0.4099157616651963,436.0,1.254696132596685,-0.9472421340642737,543.0,1
2024-12-20,15.0,3938.0,Newark,Rotterdam-Newark,Netherlands,4.1,1.5161220043572987,-0.44257775323528725,459.0,0.612820512820513,-1.953348689324062,663.0,1
2024-12-21,18.0,3730.0,Newark,Rotterdam-Newark,Netherlands,4.1,0.5472477064220184,-0.770964828438775,218.0,1.237025316455696,-2.350011609987957,316.0,1
2024-12-22,19.0,4080.0,Newark,Rotterdam-Newark,Netherlands,4.1,1.3195979899497485,-1.0246637569243686,199.0,1.0096153846153846,-2.2804930775162955,208.0,1
2024-12-23,23.0,4623.0,Newark,Rotterdam-Newark,Netherlands,4.1,0.9600000000000004,-1.0032434774351313,310.0,0.5014084507042256,-1.1204154064401923,426.0,1
2024-12-24,13.0,3454.0,Newark,Rotterdam-Newark,Netherlands,4.1,0.5996062992125984,-0.8596576487681099,254.0,0.6349514563106796,-1.2074194175557462,412.0,1
2024-12-25,7.0,2665.0,Newark,Rotterdam-Newark,Netherlands,4.1,1.7739622641509434,-1.6011281125162935,265.0,0.9823529411764703,-0.10436335475997849,527.0,1
2024-12-26,16.0,4611.0,Newark,Rotterdam-Newark,Netherlands,4.1,0.7340983606557377,-1.8349271249893966,305.0,1.4651376146788995,0.4099157616651963,436.0,1
2024-12-27,22.0,5476.0,Newark,Rotterdam-Newark,Netherlands,4.1,1.1729007633587785,-1.1166407271717935,262.0,1.5161220043572987,-0.44257775323528725,459.0,1
2024-12-28,26.0,6273.0,Newark,Rotterdam-Newark,Netherlands,4.1,-0.47142857142857186,-2.2798628126027465,210.0,0.5472477064220184,-0.770964828438775,218.0,1
2024-12-29,22.0,6016.0,Newark,Rotterdam-Newark,Netherlands,4.1,-0.28225108225108225,-2.5846947275722165,231.0,1.3195979899497485,-1.0246637569243686,199.0,1
2024-12-30,23.0,6993.0,Newark,Rotterdam-Newark,Netherlands,4.1,0.7945,-2.175631580071669,200.0,0.9600000000000004,-1.0032434774351313,310.0,1
2024-12-31,19.0,5882.0,Newark,Rotterdam-Newark,Netherlands,4.1,-0.049411764705882405,-0.37715210051912856,255.0,0.5996062992125984,-0.8596576487681099,254.0,1
2025-01-01,13.0,4128.0,Newark,Rotterdam-Newark,Netherlands,4.1,0.09303482587064676,-2.618919139986446,201.0,1.7739622641509434,-1.6011281125162935,265.0,1
2025-01-02,17.0,4996.0,Newark,Rotterdam-Newark,Netherlands,4.1,-0.09610894941634235,-0.9376503741696792,257.0,0.7340983606557377,-1.8349271249893966,305.0,1
2025-01-03,20.0,4402.0,Newark,Rotterdam-Newark,Netherlands,4.1,0.29454545454545467,-1.7343582398618418,330.0,1.1729007633587785,-1.1166407271717935,262.0,1
2025-01-04,20.0,4140.0,Newark,Rotterdam-Newark,Netherlands,4.1,-0.06050955414012732,-2.2301429134522825,157.0,-0.47142857142857186,-2.2798628126027465,210.0,1
2025-01-05,20.0,5241.0,Newark,Rotterdam-Newark,Netherlands,4.1,-0.4541899441340784,-1.7909904127504588,179.0,-0.28225108225108225,-2.5846947275722165,231.0,1
2025-01-06,18.0,4949.0,Newark,Rotterdam-Newark,Netherlands,4.1,0.3197994987468672,-0.5737730102707939,399.0,0.7945,-2.175631580071669,200.0,1
2025-01-07,18.0,4878.0,Newark,Rotterdam-Newark,Netherlands,4.1,1.2816155988857936,0.12238483225681424,359.0,-0.049411764705882405,-0.37715210051912856,255.0,1
2025-01-08,18.0,5884.0,Newark,Rotterdam-Newark,Netherlands,4.1,0.31625000000000036,-1.1429057987281104,320.0,0.09303482587064676,-2.618919139986446,201.0,1
2025-01-09,19.0,6576.0,Newark,Rotterdam-Newark,Netherlands,4.1,0.8268096514745309,-0.5492481623869998,373.0,-0.09610894941634235,-0.9376503741696792,257.0,1
2025-01-10,23.0,5667.0,Newark,Rotterdam-Newark,Netherlands,4.1,0.6809392265193372,-0.40331221531090783,362.0,0.29454545454545467,-1.7343582398618418,330.0,1
2025-01-11,19.0,6034.0,Newark,Rotterdam-Newark,Netherlands,4.1,-0.3755905511811023,-1.5230506241794617,254.0,-0.06050955414012732,-2.2301429134522825,157.0,1
2025-01-12,24.0,7264.0,Newark,Rotterdam-Newark,Netherlands,4.1,-1.1368421052631579,-2.4759024719676264,247.0,-0.4541899441340784,-1.7909904127504588,179.0,1
2025-01-13,20.0,5624.0,Newark,Rotterdam-Newark,Netherlands,4.1,0.5660633484162904,-1.4836201868044232,442.0,0.3197994987468672,-0.5737730102707939,399.0,1
2025-01-14,24.0,6310.0,Newark,Rotterdam-Newark,Netherlands,4.1,0.832876712328767,-1.537486685002123,438.0,1.2816155988857936,0.12238483225681424,359.0,1
2025-01-15,22.0,5606.0,Newark,Rotterdam-Newark,Netherlands,4.1,0.9916114790286975,-1.7608990639931767,453.0,0.31625000000000036,-1.1429057987281104,320.0,1
2025-01-16,17.0,5481.0,Newark,Rotterdam-Newark,Netherlands,4.1,1.3784188034188034,-0.7986456325849397,468.0,0.8268096514745309,-0.5492481623869998,373.0,1
2025-01-17,20.0,3798.0,Newark,Rotterdam-Newark,Netherlands,4.1,1.4747203579418355,-0.6927867336428788,447.0,0.6809392265193372,-0.40331221531090783,362.0,1
2025-01-18,17.0,4024.0,Newark,Rotterdam-Newark,Netherlands,4.1,0.024999999999999967,-1.0531074900745978,228.0,-0.3755905511811023,-1.5230506241794617,254.0,1
2025-01-19,16.0,3931.0,Newark,Rotterdam-Newark,Netherlands,4.1,1.1906403940886698,-1.6300144193139705,203.0,-1.1368421052631579,-2.4759024719676264,247.0,1
2025-01-20,13.0,4896.0,Newark,Rotterdam-Newark,Netherlands,4.1,0.8752650176678445,-0.932532083941461,283.0,0.5660633484162904,-1.4836201868044232,442.0,1
2025-01-21,19.0,5812.0,Newark,Rotterdam-Newark,Netherlands,4.1,0.8989159891598913,-0.893341113185459,369.0,0.832876712328767,-1.537486685002123,438.0,1
2025-01-22,26.0,6130.0,Newark,Rotterdam-Newark,Netherlands,4.1,0.8663793103448276,-1.202689646435026,464.0,0.9916114790286975,-1.7608990639931767,453.0,1
2025-01-23,24.0,6797.0,Newark,Rotterdam-Newark,Netherlands,4.1,1.2964426877470356,-0.7163330222561789,506.0,1.3784188034188034,-0.7986456325849397,468.0,1
2025-01-24,23.0,6603.0,Newark,Rotterdam-Newark,Netherlands,4.1,0.5307888040712465,-0.6453372721456009,393.0,1.4747203579418355,-0.6927867336428788,447.0,1
2025-01-25,19.0,6174.0,Newark,Rotterdam-Newark,Netherlands,4.1,0.05558583106267023,-1.2503823057798935,367.0,0.024999999999999967,-1.0531074900745978,228.0,1
2025-01-26,18.0,6153.0,Newark,Rotterdam-Newark,Netherlands,4.1,0.2528481012658228,-1.42989309429311,316.0,1.1906403940886698,-1.6300144193139705,203.0,1
2025-01-27,17.0,5478.0,Newark,Rotterdam-Newark,Netherlands,4.1,0.485593220338983,-1.719967176626359,472.0,0.8752650176678445,-0.932532083941461,283.0,1
2025-01-28,21.0,7442.0,Newark,Rotterdam-Newark,Netherlands,4.1,0.016603053435114257,-1.787279382294547,524.0,0.8989159891598913,-0.893341113185459,369.0,1
2025-01-29,21.0,6486.0,Newark,Rotterdam-Newark,Netherlands,4.1,-0.08528864059590327,-1.762281951930394,537.0,0.8663793103448276,-1.202689646435026,464.0,1
2025-01-30,20.0,5498.0,Newark,Rotterdam-Newark,Netherlands,4.1,0.6779448621553887,-1.3669715880025923,399.0,1.2964426877470356,-0.7163330222561789,506.0,1
2025-01-31,19.0,5790.0,Newark,Rotterdam-Newark,Netherlands,4.1,1.0308793456032723,-1.2378237895204116,489.0,0.5307888040712465,-0.6453372721456009,393.0,1
2025-02-01,21.0,5509.0,Newark,Rotterdam-Newark,Netherlands,4.1,0.6382352941176468,-0.9939133124073368,306.0,0.05558583106267023,-1.2503823057798935,367.0,1
2025-02-02,20.0,6627.0,Newark,Rotterdam-Newark,Netherlands,4.1,0.5286852589641434,-1.3046902014552328,251.0,0.2528481012658228,-1.42989309429311,316.0,1
2025-02-03,23.0,7424.0,Newark,Rotterdam-Newark,Netherlands,4.1,1.0872817955112217,-0.8419526681609266,401.0,0.485593220338983,-1.719967176626359,472.0,1
2025-02-04,20.0,6792.0,Newark,Rotterdam-Newark,Netherlands,4.1,1.0430656934306561,-0.9281166829256686,411.0,0.016603053435114257,-1.787279382294547,524.0,1
2025-02-05,18.0,5326.0,Newark,Rotterdam-Newark,Netherlands,4.1,0.7566666666666664,-0.9715475530022073,390.0,-0.08528864059590327,-1.762281951930394,537.0,1
2025-02-06,19.0,4373.0,Newark,Rotterdam-Newark,Netherlands,4.1,0.56021897810219,-1.821154539402373,548.0,0.6779448621553887,-1.3669715880025923,399.0,1
2025-02-07,21.0,5661.0,Newark,Rotterdam-Newark,Netherlands,4.1,0.06728395061728365,-3.6375738509798623,648.0,1.0308793456032723,-1.2378237895204116,489.0,1
2025-02-08,18.0,6179.0,Newark,Rotterdam-Newark,Netherlands,4.1,0.7592885375494071,-2.0004214048030304,253.0,0.6382352941176468,-0.9939133124073368,306.0,1
2025-02-09,18.0,5384.0,Newark,Rotterdam-Newark,Netherlands,4.1,-0.0641304347826086,-2.773799783470979,184.0,0.5286852589641434,-1.3046902014552328,251.0,1
2025-02-10,27.0,6812.0,Newark,Rotterdam-Newark,Netherlands,4.1,1.2759197324414713,-1.3905613654763234,299.0,1.0872817955112217,-0.8419526681609266,401.0,1
2025-02-11,22.0,6003.0,Newark,Rotterdam-Newark,Netherlands,4.1,0.9021108179419525,-0.9947376100633516,379.0,1.0430656934306561,-0.9281166829256686,411.0,1
2025-02-12,23.0,6683.0,Newark,Rotterdam-Newark,Netherlands,4.1,0.8397435897435892,-0.8095831449979302,468.0,0.7566666666666664,-0.9715475530022073,390.0,1
2025-02-13,19.0,5889.0,Newark,Rotterdam-Newark,Netherlands,4.1,0.3930957683741645,-1.1383830824644152,449.0,0.56021897810219,-1.821154539402373,548.0,1
2025-02-14,23.0,5643.0,Newark,Rotterdam-Newark,Netherlands,4.1,0.19951456310679627,-1.2180582689176964,412.0,0.06728395061728365,-3.6375738509798623,648.0,1
2025-02-15,16.0,6578.0,Newark,Rotterdam-Newark,Netherlands,4.1,0.7929368029739777,-1.0942737918923264,269.0,0.7592885375494071,-2.0004214048030304,253.0,1
2025-02-16,16.0,5936.0,Newark,Rotterdam-Newark,Netherlands,4.1,1.3812499999999999,-1.0770265525403155,272.0,-0.0641304347826086,-2.773799783470979,184.0,1
2025-02-17,15.0,5417.0,Newark,Rotterdam-Newark,Netherlands,4.1,2.49723964868256,-0.6605580604461379,797.0,1.2759197324414713,-1.3905613654763234,299.0,1
2025-02-18,19.0,4625.0,Newark,Rotterdam-Newark,Netherlands,4.1,2.2000000000000006,-0.4112470824314156,515.0,0.9021108179419525,-0.9947376100633516,379.0,1
2025-02-19,18.0,4760.0,Newark,Rotterdam-Newark,Netherlands,4.1,1.2605357142857145,-0.6494406245981438,560.0,0.8397435897435892,-0.8095831449979302,468.0,1
2025-02-20,16.0,4917.0,Newark,Rotterdam-Newark,Netherlands,4.1,0.7427570093457943,-0.6317044866854891,428.0,0.3930957683741645,-1.1383830824644152,449.0,1
2025-02-21,22.0,5888.0,Newark,Rotterdam-Newark,Netherlands,4.1,0.18463541666666677,-1.105877639375578,384.0,0.19951456310679627,-1.2180582689176964,412.0,1
2025-02-22,18.0,5142.0,Newark,Rotterdam-Newark,Netherlands,4.1,0.8501547987616098,0.07448320368016424,323.0,0.7929368029739777,-1.0942737918923264,269.0,1
2025-02-23,20.0,4751.0,Newark,Rotterdam-Newark,Netherlands,4.1,1.6390374331550803,-0.5336842970767424,187.0,1.3812499999999999,-1.0770265525403155,272.0,1
2025-02-24,20.0,4497.0,Newark,Rotterdam-Newark,Netherlands,4.1,1.404610951008646,-1.2467552826381847,347.0,2.49723964868256,-0.6605580604461379,797.0,1
2025-02-25,15.0,4499.0,Newark,Rotterdam-Newark,Netherlands,4.1,1.0840525328330202,-1.095144609524699,533.0,2.2000000000000006,-0.4112470824314156,515.0,1
2025-02-26,19.0,6475.0,Newark,Rotterdam-Newark,Netherlands,4.1,1.0735465116279066,-1.6194080254387966,344.0,1.2605357142857145,-0.6494406245981438,560.0,1
2025-02-27,26.0,8256.0,Newark,Rotterdam-Newark,Netherlands,4.1,0.44225352112676036,-1.0690616829069568,426.0,0.7427570093457943,-0.6317044866854891,428.0,1
2025-02-28,22.0,7530.0,Newark,Rotterdam-Newark,Netherlands,4.1,1.8920512820512818,-0.0686746681074838,390.0,0.18463541666666677,-1.105877639375578,384.0,1
2025-03-01,22.0,6255.0,Newark,Rotterdam-Newark,Netherlands,4.1,1.837209302325582,-0.667703200205422,301.0,0.8501547987616098,0.07448320368016424,323.0,1
2025-03-02,21.0,5517.0,Newark,Rotterdam-Newark,Netherlands,4.1,1.0486891385767787,0.06995594429202984,267.0,1.6390374331550803,-0.5336842970767424,187.0,1
2025-03-03,20.0,5889.0,Newark,Rotterdam-Newark,Netherlands,4.1,1.3997630331753557,-0.39219717222775935,422.0,1.404610951008646,-1.2467552826381847,347.0,1
2025-03-04,23.0,5186.0,Newark,Rotterdam-Newark,Netherlands,4.1,1.4388127853881283,-0.06698562216771597,438.0,1.0840525328330202,-1.095144609524699,533.0,1
2025-03-05,26.0,6497.0,Newark,Rotterdam-Newark,Netherlands,4.1,1.641463414634146,0.17486718855655117,492.0,1.0735465116279066,-1.6194080254387966,344.0,1
2025-03-06,25.0,7764.0,Newark,Rotterdam-Newark,Netherlands,4.1,1.3584392014519056,-0.551125535281908,551.0,0.44225352112676036,-1.0690616829069568,426.0,1
2025-03-07,21.0,5937.0,Newark,Rotterdam-Newark,Netherlands,4.1,1.0690721649484534,-1.4359887526136508,485.0,1.8920512820512818,-0.0686746681074838,390.0,1
2025-03-08,17.0,4652.0,Newark,Rotterdam-Newark,Netherlands,4.1,0.44672131147540983,-2.129603313452528,244.0,1.837209302325582,-0.667703200205422,301.0,1
2025-03-09,21.0,4553.0,Newark,Rotterdam-Newark,Netherlands,4.1,1.0206185567010309,-1.9713573213978917,194.0,1.0486891385767787,0.06995594429202984,267.0,1
2025-03-10,18.0,5826.0,Newark,Rotterdam-Newark,Netherlands,4.1,0.7641943734015344,-1.1538014374991392,391.0,1.3997630331753557,-0.39219717222775935,422.0,1
2025-03-11,21.0,5200.0,Newark,Rotterdam-Newark,Netherlands,4.1,0.34147157190635435,-2.7327752045336244,598.0,1.4388127853881283,-0.06698562216771597,438.0,1
2025-03-12,21.0,5463.0,Newark,Rotterdam-Newark,Netherlands,4.1,0.7717921527041357,-2.9787984688736073,943.0,1.641463414634146,0.17486718855655117,492.0,1
2025-03-13,23.0,5946.0,Newark,Rotterdam-Newark,Netherlands,4.1,0.7832841691248773,-2.3066725752049058,1017.0,1.3584392014519056,-0.551125535281908,551.0,1
2025-03-14,21.0,6005.0,Newark,Rotterdam-Newark,Netherlands,4.1,0.4467224546722455,-2.8064230014976337,717.0,1.0690721649484534,-1.4359887526136508,485.0,1
2025-03-15,24.0,6402.0,Newark,Rotterdam-Newark,Netherlands,4.1,0.38529411764705906,-2.777157133037236,374.0,0.44672131147540983,-2.129603313452528,244.0,1
2025-03-16,22.0,6895.0,Newark,Rotterdam-Newark,Netherlands,4.1,0.24715447154471545,-1.9068639147849935,246.0,1.0206185567010309,-1.9713573213978917,194.0,1
2025-03-17,19.0,4970.0,Newark,Rotterdam-Newark,Netherlands,4.1,1.3986301369863021,-1.5338544310287425,438.0,0.7641943734015344,-1.1538014374991392,391.0,1
2025-03-18,17.0,4437.0,Newark,Rotterdam-Newark,Netherlands,4.1,1.265948855989233,-1.411706764580271,743.0,0.34147157190635435,-2.7327752045336244,598.0,1
2025-03-19,19.0,4988.0,Newark,Rotterdam-Newark,Netherlands,4.1,1.07375366568915,-1.2717983110792759,682.0,0.7717921527041357,-2.9787984688736073,943.0,1
2025-03-20,19.0,5968.0,Newark,Rotterdam-Newark,Netherlands,4.1,0.5865148861646234,-1.1578447818133932,571.0,0.7832841691248773,-2.3066725752049058,1017.0,1
2025-03-21,20.0,6667.0,Newark,Rotterdam-Newark,Netherlands,4.1,0.972325581395349,-1.4586716702745788,430.0,0.4467224546722455,-2.8064230014976337,717.0,1
2025-03-22,22.0,6158.0,Newark,Rotterdam-Newark,Netherlands,4.1,0.928709677419355,-1.1735030219408664,310.0,0.38529411764705906,-2.777157133037236,374.0,1
2025-03-23,16.0,5112.0,Newark,Rotterdam-Newark,Netherlands,4.1,0.6962732919254657,-0.7169066063068376,322.0,0.24715447154471545,-1.9068639147849935,246.0,1
2025-03-24,16.0,4163.0,Newark,Rotterdam-Newark,Netherlands,4.1,0.8344608879492601,-0.8494980399905986,473.0,1.3986301369863021,-1.5338544310287425,438.0,1
2025-03-25,14.0,4405.0,Newark,Rotterdam-Newark,Netherlands,4.1,1.3140271493212667,-1.6997155663608567,442.0,1.265948855989233,-1.411706764580271,743.0,1
2025-03-26,17.0,5266.0,Newark,Rotterdam-Newark,Netherlands,4.1,0.5492440604751619,-2.575403730560566,463.0,1.07375366568915,-1.2717983110792759,682.0,1
2025-03-27,18.0,4066.0,Newark,Rotterdam-Newark,Netherlands,4.1,0.5251509054325955,-1.9589594406840585,497.0,0.5865148861646234,-1.1578447818133932,571.0,1
2025-03-28,20.0,5351.0,Newark,Rotterdam-Newark,Netherlands,4.1,0.2671153846153841,-1.4488425569216943,520.0,0.972325581395349,-1.4586716702745788,430.0,1
2025-03-29,24.0,5815.0,Newark,Rotterdam-Newark,Netherlands,4.1,0.7801033591731266,-1.8602615867719887,387.0,0.928709677419355,-1.1735030219408664,310.0,1
2025-03-30,13.0,5004.0,Newark,Rotterdam-Newark,Netherlands,4.1,-0.3876288659793813,-2.119290735481194,194.0,0.6962732919254657,-0.7169066063068376,322.0,1
2025-03-31,19.0,4854.0,Newark,Rotterdam-Newark,Netherlands,4.1,1.238603696098562,-0.8678255309149743,487.0,0.8344608879492601,-0.8494980399905986,473.0,1
2025-04-01,22.0,4799.0,Newark,Rotterdam-Newark,Netherlands,4.1,1.0615999999999992,-0.9191774138903772,500.0,1.3140271493212667,-1.6997155663608567,442.0,1
2025-04-02,17.0,5216.0,Newark,Rotterdam-Newark,Netherlands,4.1,0.799294117647059,-1.2378545636052063,425.0,0.5492440604751619,-2.575403730560566,463.0,1
2025-04-03,18.0,4517.0,Newark,Rotterdam-Newark,Netherlands,4.1,0.5105809128630704,-2.14066374557528,482.0,0.5251509054325955,-1.9589594406840585,497.0,1
2025-04-04,15.0,5421.0,Newark,Rotterdam-Newark,Netherlands,4.1,0.6349282296650718,-1.3156438977219835,418.0,0.2671153846153841,-1.4488425569216943,520.0,1
2025-04-05,19.0,5223.0,Newark,Rotterdam-Newark,Netherlands,4.1,0.5851851851851857,-1.6532443973072084,243.0,0.7801033591731266,-1.8602615867719887,387.0,1
2025-04-06,15.0,3770.0,Newark,Rotterdam-Newark,Netherlands,4.1,0.6573394495412845,-2.0685857523785804,218.0,-0.3876288659793813,-2.119290735481194,194.0,1
2025-04-07,17.0,5462.0,Newark,Rotterdam-Newark,Netherlands,4.1,0.4223880597014922,-1.6736323358612792,402.0,1.238603696098562,-0.8678255309149743,487.0,1
2025-04-08,17.0,5650.0,Newark,Rotterdam-Newark,Netherlands,4.1,0.2797619047619051,-1.342022927624513,420.0,1.0615999999999992,-0.9191774138903772,500.0,1
2025-04-09,21.0,5251.0,Newark,Rotterdam-Newark,Netherlands,4.1,1.1625,-0.9999637429468881,352.0,0.799294117647059,-1.2378545636052063,425.0,1
2025-04-10,17.0,5302.0,Newark,Rotterdam-Newark,Netherlands,4.1,0.5791208791208794,-1.0715840900517615,455.0,0.5105809128630704,-2.14066374557528,482.0,1
2025-04-11,17.0,5133.0,Newark,Rotterdam-Newark,Netherlands,4.1,0.5612756264236904,-2.497176696515507,439.0,0.6349282296650718,-1.3156438977219835,418.0,1
2025-04-12,19.0,3921.0,Newark,Rotterdam-Newark,Netherlands,4.1,0.847318611987382,-0.7232656305865564,317.0,0.5851851851851857,-1.6532443973072084,243.0,1
2025-04-13,16.0,4891.0,Newark,Rotterdam-Newark,Netherlands,4.1,1.3685714285714285,-1.1516106049576724,210.0,0.6573394495412845,-2.0685857523785804,218.0,1
2025-04-14,22.0,4385.0,Newark,Rotterdam-Newark,Netherlands,4.1,0.869616519174042,-0.8532920471768171,339.0,0.4223880597014922,-1.6736323358612792,402.0,1
2025-04-15,16.0,5961.0,Newark,Rotterdam-Newark,Netherlands,4.1,0.9774530271398747,-0.5305051140171919,479.0,0.2797619047619051,-1.342022927624513,420.0,1
2025-04-16,20.0,5130.0,Newark,Rotterdam-Newark,Netherlands,4.1,1.1278017241379308,0.6858022771725599,464.0,1.1625,-0.9999637429468881,352.0,1
2025-04-17,27.0,6041.0,Newark,Rotterdam-Newark,Netherlands,4.1,1.146466809421842,-0.7800600482775586,467.0,0.5791208791208794,-1.0715840900517615,455.0,1
2025-04-18,23.0,5968.0,Newark,Rotterdam-Newark,Netherlands,4.1,0.8138036809815953,-1.7918988521045116,326.0,0.5612756264236904,-2.497176696515507,439.0,1
2025-04-19,20.0,6196.0,Newark,Rotterdam-Newark,Netherlands,4.1,1.4380952380952383,-1.1404165369108707,231.0,0.847318611987382,-0.7232656305865564,317.0,1
2025-04-20,13.0,3445.0,Newark,Rotterdam-Newark,Netherlands,4.1,0.6032710280373832,0.6489205099804671,214.0,1.3685714285714285,-1.1516106049576724,210.0,1
2025-04-21,16.0,5732.0,Newark,Rotterdam-Newark,Netherlands,4.1,2.0238372093023256,-0.23363773324510517,344.0,0.869616519174042,-0.8532920471768171,339.0,1
2025-04-22,22.0,6429.0,Newark,Rotterdam-Newark,Netherlands,4.1,0.4617414248021109,-1.5959596179547724,379.0,0.9774530271398747,-0.5305051140171919,479.0,1
2025-04-23,27.0,6113.0,Newark,Rotterdam-Newark,Netherlands,4.1,0.8561452513966481,-1.569714892370892,358.0,1.1278017241379308,0.6858022771725599,464.0,1
2025-04-24,27.0,5465.0,Newark,Rotterdam-Newark,Netherlands,4.1,0.48686371100164194,-1.4271561494899492,609.0,1.146466809421842,-0.7800600482775586,467.0,1
2025-04-25,20.0,5890.0,Newark,Rotterdam-Newark,Netherlands,4.1,0.0845018450184502,-1.9415411527581456,542.0,0.8138036809815953,-1.7918988521045116,326.0,1
2025-04-26,16.0,3615.0,Newark,Rotterdam-Newark,Netherlands,4.1,0.33253012048192776,-1.2069740857311944,249.0,1.4380952380952383,-1.1404165369108707,231.0,1
2025-04-27,15.0,4930.0,Newark,Rotterdam-Newark,Netherlands,4.1,1.6845849802371538,-0.29580861006093295,253.0,0.6032710280373832,0.6489205099804671,214.0,1
2025-04-28,19.0,4788.0,Newark,Rotterdam-Newark,Netherlands,4.1,0.7557692307692303,-0.561513565945603,416.0,2.0238372093023256,-0.23363773324510517,344.0,1
2025-04-29,18.0,5048.0,Newark,Rotterdam-Newark,Netherlands,4.1,1.4304609218436877,-0.2088066732079965,499.0,0.4617414248021109,-1.5959596179547724,379.0,1
2025-04-30,14.0,4100.0,Newark,Rotterdam-Newark,Netherlands,4.1,0.1604534005037782,-1.453055056754296,397.0,0.8561452513966481,-1.569714892370892,358.0,1
2025-05-01,18.0,4795.0,Newark,Rotterdam-Newark,Netherlands,4.1,0.9797794117647056,-0.7142801558556678,272.0,0.48686371100164194,-1.4271561494899492,609.0,1
2025-05-02,16.0,5715.0,Newark,Rotterdam-Newark,Netherlands,4.1,-0.15051546391752577,-1.6264104542282658,388.0,0.0845018450184502,-1.9415411527581456,542.0,1
2025-05-03,16.0,4648.0,Newark,Rotterdam-Newark,Netherlands,4.1,1.3888475836431224,-0.5278542801816877,269.0,0.33253012048192776,-1.2069740857311944,249.0,1
2025-05-04,15.0,3729.0,Newark,Rotterdam-Newark,Netherlands,4.1,1.0088560885608857,-1.7052597305974495,271.0,1.6845849802371538,-0.29580861006093295,253.0,1
2025-05-05,15.0,3097.0,Newark,Rotterdam-Newark,Netherlands,4.1,0.7453703703703706,-1.0745593748455342,432.0,0.7557692307692303,-0.561513565945603,416.0,1
2025-05-06,13.0,2755.0,Newark,Rotterdam-Newark,Netherlands,4.1,0.3305732484076433,-0.8781656631939089,471.0,1.4304609218436877,-0.2088066732079965,499.0,1
2025-05-07,17.0,3782.0,Newark,Rotterdam-Newark,Netherlands,4.1,0.7777941176470596,-2.7314872474919882,680.0,0.1604534005037782,-1.453055056754296,397.0,1
2025-05-08,22.0,4904.0,Newark,Rotterdam-Newark,Netherlands,4.1,1.2373795761078998,-0.9387715095189906,519.0,0.9797794117647056,-0.7142801558556678,272.0,1
2025-05-09,20.0,5827.0,Newark,Rotterdam-Newark,Netherlands,4.1,1.1194139194139194,-0.41464710124474946,546.0,-0.15051546391752577,-1.6264104542282658,388.0,1
2025-05-10,19.0,5015.0,Newark,Rotterdam-Newark,Netherlands,4.1,0.2670833333333333,-0.2362172141646612,240.0,1.3888475836431224,-0.5278542801816877,269.0,1
2025-05-11,19.0,4779.0,Newark,Rotterdam-Newark,Netherlands,4.1,0.7724576271186444,-0.02700484087060484,236.0,1.0088560885608857,-1.7052597305974495,271.0,1
2025-05-12,17.0,5031.0,Newark,Rotterdam-Newark,Netherlands,4.1,0.14788135593220342,-2.6366524243766976,472.0,0.7453703703703706,-1.0745593748455342,432.0,1
2025-05-13,20.0,4210.0,Newark,Rotterdam-Newark,Netherlands,4.1,-0.7794044665012403,-3.510431273174389,806.0,0.3305732484076433,-0.8781656631939089,471.0,1
2025-05-14,20.0,5495.0,Newark,Rotterdam-Newark,Netherlands,4.1,0.5705992509363292,-1.5321982248878685,534.0,0.7777941176470596,-2.7314872474919882,680.0,1
2025-05-15,24.0,5818.0,Newark,Rotterdam-Newark,Netherlands,4.1,0.7236427320490364,-1.3846168213856513,571.0,1.2373795761078998,-0.9387715095189906,519.0,1
2025-05-16,20.0,4910.0,Newark,Rotterdam-Newark,Netherlands,4.1,1.164448336252188,-1.4091032677501052,571.0,1.1194139194139194,-0.41464710124474946,546.0,1
2025-05-17,19.0,4988.0,Newark,Rotterdam-Newark,Netherlands,4.1,1.1383333333333336,-0.7496478540090512,300.0,0.2670833333333333,-0.2362172141646612,240.0,1
2025-05-18,23.0,5248.0,Newark,Rotterdam-Newark,Netherlands,4.1,0.47631578947368447,-1.904176547255244,342.0,0.7724576271186444,-0.02700484087060484,236.0,1
2025-05-19,18.0,5504.0,Newark,Rotterdam-Newark,Netherlands,4.1,0.8572649572649576,-0.8856861144776453,468.0,0.14788135593220342,-2.6366524243766976,472.0,1
2025-05-20,19.0,3698.0,Newark,Rotterdam-Newark,Netherlands,4.1,1.0133712660028449,-1.0112600041474398,703.0,-0.7794044665012403,-3.510431273174389,806.0,1
2025-05-21,15.0,4089.0,Newark,Rotterdam-Newark,Netherlands,4.1,0.66906584992343,-1.0316070059423126,653.0,0.5705992509363292,-1.5321982248878685,534.0,1
2025-05-22,19.0,3103.0,Newark,Rotterdam-Newark,Netherlands,4.1,0.9937254901960784,-1.5337546220108056,510.0,0.7236427320490364,-1.3846168213856513,571.0,1
2025-05-23,15.0,4372.0,Newark,Rotterdam-Newark,Netherlands,4.1,0.875249500998004,-0.7769924190097193,501.0,1.164448336252188,-1.4091032677501052,571.0,1
2025-05-24,18.0,3653.0,Newark,Rotterdam-Newark,Netherlands,4.1,0.5784671532846715,-1.2220414360273493,274.0,1.1383333333333336,-0.7496478540090512,300.0,1
2025-05-25,17.0,4400.0,Newark,Rotterdam-Newark,Netherlands,4.1,2.360408163265306,-1.2439438455112897,245.0,0.47631578947368447,-1.904176547255244,342.0,1
2025-05-26,15.0,3465.0,Newark,Rotterdam-Newark,Netherlands,4.1,1.1372997711670483,-1.3544927784634724,437.0,0.8572649572649576,-0.8856861144776453,468.0,1
2025-05-27,23.0,3794.0,Newark,Rotterdam-Newark,Netherlands,4.1,1.2291111111111115,-1.0561196623813702,450.0,1.0133712660028449,-1.0112600041474398,703.0,1
2025-05-28,20.0,5818.0,Newark,Rotterdam-Newark,Netherlands,4.1,1.1198135198135202,-0.8957380562954173,429.0,0.66906584992343,-1.0316070059423126,653.0,1
2025-05-29,18.0,5038.0,Newark,Rotterdam-Newark,Netherlands,4.1,1.18,-0.5792609725448787,390.0,0.9937254901960784,-1.5337546220108056,510.0,1
2025-05-30,14.0,4684.0,Newark,Rotterdam-Newark,Netherlands,4.1,1.4567335243553003,-0.789996636284568,349.0,0.875249500998004,-0.7769924190097193,501.0,1
2025-05-31,18.0,5112.0,Newark,Rotterdam-Newark,Netherlands,4.1,0.32516339869281036,-1.168204142670234,306.0,0.5784671532846715,-1.2220414360273493,274.0,1
2025-06-01,19.0,4650.0,Newark,Rotterdam-Newark,Netherlands,4.1,1.2028213166144204,-1.7359427137564167,319.0,2.360408163265306,-1.2439438455112897,245.0,1
2025-06-02,16.0,6013.0,Newark,Rotterdam-Newark,Netherlands,4.1,1.1452789699570822,-0.7306417291834162,466.0,1.1372997711670483,-1.3544927784634724,437.0,1
2025-06-03,22.0,4884.0,Newark,Rotterdam-Newark,Netherlands,4.1,1.1159502262443437,-1.524875413712229,884.0,1.2291111111111115,-1.0561196623813702,450.0,1
2025-06-04,17.0,5544.0,Newark,Rotterdam-Newark,Netherlands,4.1,1.371001150747986,-1.412323466917389,869.0,1.1198135198135202,-0.8957380562954173,429.0,1
2025-06-05,16.0,5050.0,Newark,Rotterdam-Newark,Netherlands,4.1,1.1254491017964066,-1.1621329504263518,668.0,1.18,-0.5792609725448787,390.0,1
2025-06-06,19.0,6401.0,Newark,Rotterdam-Newark,Netherlands,4.1,1.1591999999999993,-1.5709107414931192,500.0,1.4567335243553003,-0.789996636284568,349.0,1
2025-06-07,20.0,4120.0,Newark,Rotterdam-Newark,Netherlands,4.1,0.21152416356877302,-1.4296383971479092,269.0,0.32516339869281036,-1.168204142670234,306.0,1
2025-06-08,13.0,2975.0,Newark,Rotterdam-Newark,Netherlands,4.1,0.903225806451613,-1.1246240701558254,186.0,1.2028213166144204,-1.7359427137564167,319.0,1
2025-06-09,9.0,1725.0,Newark,Rotterdam-Newark,Netherlands,4.1,1.4977220956719817,-0.8761741188405149,439.0,1.1452789699570822,-0.7306417291834162,466.0,1
2025-06-10,11.0,2385.0,Newark,Rotterdam-Newark,Netherlands,4.1,0.9236286919831226,-1.4746544119029767,474.0,1.1159502262443437,-1.524875413712229,884.0,1
2025-06-11,17.0,4519.0,Newark,Rotterdam-Newark,Netherlands,4.1,0.5283746556473828,-1.6558817159424961,363.0,1.371001150747986,-1.412323466917389,869.0,1
2025-06-12,20.0,4947.0,Newark,Rotterdam-Newark,Netherlands,4.1,1.158666666666667,-0.7008629808250988,375.0,1.1254491017964066,-1.1621329504263518,668.0,1
2025-06-13,20.0,4540.0,Newark,Rotterdam-Newark,Netherlands,4.1,1.0825870646766163,-1.357719019695404,402.0,1.1591999999999993,-1.5709107414931192,500.0,1
2025-06-14,20.0,4781.0,Newark,Rotterdam-Newark,Netherlands,4.1,2.708846153846153,-0.2452332741384218,260.0,0.21152416356877302,-1.4296383971479092,269.0,1
2025-06-15,14.0,3569.0,Newark,Rotterdam-Newark,Netherlands,4.1,2.6174517816422087,-0.30354283593749964,272.8333333333333,0.903225806451613,-1.1246240701558254,186.0,1
2025-06-16,16.0,4281.0,Newark,Rotterdam-Newark,Netherlands,4.1,2.526057409438264,-0.36185239773657746,285.6666666666667,1.4977220956719817,-0.8761741188405149,439.0,1
2025-06-17,17.0,4436.0,Newark,Rotterdam-Newark,Netherlands,4.1,2.4346630372343196,-0.42016195953565527,298.5,0.9236286919831226,-1.4746544119029767,474.0,1
2025-06-18,18.0,4938.0,Newark,Rotterdam-Newark,Netherlands,4.1,2.343268665030375,-0.47847152133473314,311.3333333333333,0.5283746556473828,-1.6558817159424961,363.0,1
2025-06-19,21.0,5404.0,Newark,Rotterdam-Newark,Netherlands,4.1,2.2518742928264306,-0.536781083133811,324.1666666666667,1.158666666666667,-0.7008629808250988,375.0,1
2025-06-20,22.0,5347.0,Newark,Rotterdam-Newark,Netherlands,4.1,2.1604799206224863,-0.5950906449328888,337.0,1.0825870646766163,-1.357719019695404,402.0,1
2025-06-21,21.0,4413.0,Newark,Rotterdam-Newark,Netherlands,4.1,2.069085548418542,-0.6534002067319666,349.83333333333337,2.708846153846153,-0.2452332741384218,260.0,1
2025-06-22,19.0,4513.0,Newark,Rotterdam-Newark,Netherlands,4.1,1.9776911762145972,-0.7117097685310445,362.6666666666667,2.6174517816422087,-0.30354283593749964,272.8333333333333,1
2025-06-23,17.0,3494.0,Newark,Rotterdam-Newark,Netherlands,4.1,1.8862968040106527,-0.7700193303301223,375.5,2.526057409438264,-0.36185239773657746,285.6666666666667,1
2025-06-24,16.0,3077.0,Newark,Rotterdam-Newark,Netherlands,4.1,1.7949024318067082,-0.8283288921292001,388.33333333333337,2.4346630372343196,-0.42016195953565527,298.5,1
2025-06-25,18.0,4815.0,Newark,Rotterdam-Newark,Netherlands,4.1,1.7035080596027639,-0.886638453928278,401.1666666666667,2.343268665030375,-0.47847152133473314,311.3333333333333,1
2025-06-26,19.0,5371.0,Newark,Rotterdam-Newark,Netherlands,4.1,1.6121136873988193,-0.9449480157273558,414.0,2.2518742928264306,-0.536781083133811,324.1666666666667,1
2025-06-27,17.0,5069.0,Newark,Rotterdam-Newark,Netherlands,4.1,1.5207193151948748,-1.0032575775264336,426.83333333333337,2.1604799206224863,-0.5950906449328888,337.0,1
2025-06-28,21.0,4291.0,Newark,Rotterdam-Newark,Netherlands,4.1,1.4293249429909305,-1.0615671393255115,439.6666666666667,2.069085548418542,-0.6534002067319666,349.83333333333337,1
2025-06-29,16.0,3285.0,Newark,Rotterdam-Newark,Netherlands,4.1,1.337930570786986,-1.1198767011245894,452.5,1.9776911762145972,-0.7117097685310445,362.6666666666667,1
2025-06-30,18.0,4284.0,Newark,Rotterdam-Newark,Netherlands,4.1,1.2465361985830414,-1.1781862629236672,465.33333333333337,1.8862968040106527,-0.7700193303301223,375.5,1
2024-01-01,18.0,6108.0,Los Angeles,Shanghai-LA,China,3.7,1.3602657004830916,0.17379072512738009,1656.0,1.285414012738853,-0.7003018632456546,1570.0,0
2024-01-02,24.0,7661.0,Los Angeles,Shanghai-LA,China,3.7,1.5162244897959203,-0.4660582211987552,1960.0,1.1560405643738991,-0.84008351040507,2268.0,0
2024-01-03,28.0,9776.0,Los Angeles,Shanghai-LA,China,3.7,1.138631984585742,-0.8582912934426936,2076.0,0.945310435931307,-0.973207566701815,2271.0,0
2024-01-04,32.0,10899.0,Los Angeles,Shanghai-LA,China,3.7,1.0862589023879363,-1.1905357277810784,2387.0,0.9830879259570883,-0.840960079882535,2377.0,0
2024-01-05,37.0,13592.0,Los Angeles,Shanghai-LA,China,3.7,1.2353058776489405,-1.1714685590990372,2501.0,1.5414576431613827,-0.35822869836450427,2113.0,0
2024-01-06,34.0,11885.0,Los Angeles,Shanghai-LA,China,3.7,1.2032103825136615,-1.0351929334022285,1464.0,1.401180327868852,-1.128008062160165,1525.0,0
2024-01-07,29.0,11360.0,Los Angeles,Shanghai-LA,China,3.7,0.5261724659606658,-1.3351035399199207,1322.0,1.0953134895503482,-0.369994426144504,1579.0,0
2024-01-08,33.0,11586.0,Los Angeles,Shanghai-LA,China,3.7,0.9972761194029842,-0.9986338684954488,2680.0,1.3602657004830916,0.17379072512738009,1656.0,0
2024-01-09,40.0,12458.0,Los Angeles,Shanghai-LA,China,3.7,1.0654128147912034,-0.6931056508698947,3137.0,1.5162244897959203,-0.4660582211987552,1960.0,0
2024-01-10,37.0,13951.0,Los Angeles,Shanghai-LA,China,3.7,1.2804728277556037,-0.748795674398014,3257.0,1.138631984585742,-0.8582912934426936,2076.0,0
2024-01-11,34.0,10978.0,Los Angeles,Shanghai-LA,China,3.7,1.4912669808705306,-0.34860021480035847,3607.0,1.0862589023879363,-1.1905357277810784,2387.0,0
2024-01-12,38.0,11504.0,Los Angeles,Shanghai-LA,China,3.7,1.2003839824465141,-0.946507377891209,3646.0,1.2353058776489405,-1.1714685590990372,2501.0,0
2024-01-13,36.0,11366.0,Los Angeles,Shanghai-LA,China,3.7,0.6718289085545732,-0.9423419923918168,2712.0,1.2032103825136615,-1.0351929334022285,1464.0,0
2024-01-14,31.0,11846.0,Los Angeles,Shanghai-LA,China,3.7,0.9133078393881462,-0.6810467073021005,2615.0,0.5261724659606658,-1.3351035399199207,1322.0,0
2024-01-15,37.0,11442.0,Los Angeles,Shanghai-LA,China,3.7,1.5084903352092007,0.026261106586659887,4087.0,0.9972761194029842,-0.9986338684954488,2680.0,0
2024-01-16,41.0,13087.0,Los Angeles,Shanghai-LA,China,3.7,1.5305700908840532,-0.13910924632920296,3631.0,1.0654128147912034,-0.6931056508698947,3137.0,0
2024-01-17,46.0,12764.0,Los Angeles,Shanghai-LA,China,3.7,1.2640484161730619,-0.5209270791368191,3883.0,1.2804728277556037,-0.748795674398014,3257.0,0
2024-01-18,39.0,11976.0,Los Angeles,Shanghai-LA,China,3.7,1.3077733860342524,-0.7868748272252947,3795.0,1.4912669808705306,-0.34860021480035847,3607.0,0
2024-01-19,39.0,12042.0,Los Angeles,Shanghai-LA,China,3.7,1.3672436316133214,-0.5586120195864611,3062.0,1.2003839824465141,-0.946507377891209,3646.0,0
2024-01-20,39.0,12916.0,Los Angeles,Shanghai-LA,China,3.7,1.3288093769278222,-0.2671766434663645,1621.0,0.6718289085545732,-0.9423419923918168,2712.0,0
2024-01-21,34.0,12802.0,Los Angeles,Shanghai-LA,China,3.7,1.6890381895332418,-0.07513560558844593,1414.0,0.9133078393881462,-0.6810467073021005,2615.0,0
2024-01-22,35.0,11169.0,Los Angeles,Shanghai-LA,China,3.7,1.7295899519763571,-0.0366447646888069,2707.0,1.5084903352092007,0.026261106586659887,4087.0,0
2024-01-23,38.0,14229.0,Los Angeles,Shanghai-LA,China,3.7,1.3543982216576687,-0.32977685728633344,3149.0,1.5305700908840532,-0.13910924632920296,3631.0,0
2024-01-24,44.0,14610.0,Los Angeles,Shanghai-LA,China,3.7,1.4270730907899056,0.05154558950545145,3051.0,1.2640484161730619,-0.5209270791368191,3883.0,0
2024-01-25,38.0,13110.0,Los Angeles,Shanghai-LA,China,3.7,1.5014107611548548,-0.031018145550684637,3048.0,1.3077733860342524,-0.7868748272252947,3795.0,0
2024-01-26,38.0,14339.0,Los Angeles,Shanghai-LA,China,3.7,1.2998508353221945,-0.8649031101887208,3352.0,1.3672436316133214,-0.5586120195864611,3062.0,0
2024-01-27,40.0,13854.0,Los Angeles,Shanghai-LA,China,3.7,1.4767110266159684,-0.4716998188106599,2104.0,1.3288093769278222,-0.2671766434663645,1621.0,0
2024-01-28,36.0,12183.0,Los Angeles,Shanghai-LA,China,3.7,1.4396216500262748,-0.3292694605040964,1903.0,1.6890381895332418,-0.07513560558844593,1414.0,0
2024-01-29,39.0,12645.0,Los Angeles,Shanghai-LA,China,3.7,1.4411319512997678,-0.13740486335984314,3039.0,1.7295899519763571,-0.0366447646888069,2707.0,0
2024-01-30,39.0,13606.0,Los Angeles,Shanghai-LA,China,3.7,1.4632854578096939,-0.4609387271914585,3342.0,1.3543982216576687,-0.32977685728633344,3149.0,0
2024-01-31,39.0,13547.0,Los Angeles,Shanghai-LA,China,3.7,1.35331079177233,-0.7279162938321089,3549.0,1.4270730907899056,0.05154558950545145,3051.0,0
2024-02-01,36.0,14634.0,Los Angeles,Shanghai-LA,China,3.7,1.1852922885572124,-1.1645871768803204,3216.0,1.5014107611548548,-0.031018145550684637,3048.0,0
2024-02-02,34.0,14214.0,Los Angeles,Shanghai-LA,China,3.7,1.186172839506175,-0.3965110986818819,2835.0,1.2998508353221945,-0.8649031101887208,3352.0,0
2024-02-03,32.0,10432.0,Los Angeles,Shanghai-LA,China,3.7,1.3102891728312045,-0.5768553539910769,1487.0,1.4767110266159684,-0.4716998188106599,2104.0,0
2024-02-04,30.0,10339.0,Los Angeles,Shanghai-LA,China,3.7,1.3088983050847454,-0.03984123452457916,1652.0,1.4396216500262748,-0.3292694605040964,1903.0,0
2024-02-05,29.0,10993.0,Los Angeles,Shanghai-LA,China,3.7,0.8278108465608465,-1.5618080314260159,3024.0,1.4411319512997678,-0.13740486335984314,3039.0,0
2024-02-06,40.0,12110.0,Los Angeles,Shanghai-LA,China,3.7,1.1587731322823862,-0.612465335088869,2918.0,1.4632854578096939,-0.4609387271914585,3342.0,0
2024-02-07,38.0,13551.0,Los Angeles,Shanghai-LA,China,3.7,1.4910651716888597,-0.19525299389116657,2854.0,1.35331079177233,-0.7279162938321089,3549.0,0
2024-02-08,36.0,13113.0,Los Angeles,Shanghai-LA,China,3.7,1.5151861408035383,0.1664238743569459,2713.0,1.1852922885572124,-1.1645871768803204,3216.0,0
2024-02-09,38.0,13419.0,Los Angeles,Shanghai-LA,China,3.7,1.307699619771862,-0.16150530240791938,2104.0,1.186172839506175,-0.3965110986818819,2835.0,0
2024-02-10,36.0,13413.0,Los Angeles,Shanghai-LA,China,3.7,1.2258552631578954,0.796216519123016,1520.0,1.3102891728312045,-0.5768553539910769,1487.0,0
2024-02-11,36.0,11920.0,Los Angeles,Shanghai-LA,China,3.7,0.8979983987189748,0.07819843534461679,1249.0,1.3088983050847454,-0.03984123452457916,1652.0,0
2024-02-12,35.0,12260.0,Los Angeles,Shanghai-LA,China,3.7,0.574227848101266,-0.24768912648131525,1975.0,0.8278108465608465,-1.5618080314260159,3024.0,0
2024-02-13,36.0,13118.0,Los Angeles,Shanghai-LA,China,3.7,1.0937269372693728,-0.7805353510516481,2168.0,1.1587731322823862,-0.612465335088869,2918.0,0
2024-02-14,36.0,12909.0,Los Angeles,Shanghai-LA,China,3.7,1.016807139315815,-0.7050527333190315,2017.0,1.4910651716888597,-0.19525299389116657,2854.0,0
2024-02-15,38.0,12134.0,Los Angeles,Shanghai-LA,China,3.7,0.8068275154004111,-1.3171074456411103,1948.0,1.5151861408035383,0.1664238743569459,2713.0,0
2024-02-16,45.0,13234.0,Los Angeles,Shanghai-LA,China,3.7,0.9063305322128855,-0.8148200525587675,1785.0,1.307699619771862,-0.16150530240791938,2104.0,0
2024-02-17,43.0,13407.0,Los Angeles,Shanghai-LA,China,3.7,1.3323003575685344,-0.8355795960370928,1678.0,1.2258552631578954,0.796216519123016,1520.0,0
2024-02-18,33.0,13041.0,Los Angeles,Shanghai-LA,China,3.7,1.4050847457627125,-0.37943861759790165,2006.0,0.8979983987189748,0.07819843534461679,1249.0,0
2024-02-19,31.0,13353.0,Los Angeles,Shanghai-LA,China,3.7,1.2678972131740867,-0.7340227388554526,2763.0,0.574227848101266,-0.24768912648131525,1975.0,0
2024-02-20,37.0,13253.0,Los Angeles,Shanghai-LA,China,3.7,1.0970081300813022,-0.8406429487910122,3075.0,1.0937269372693728,-0.7805353510516481,2168.0,0
2024-02-21,41.0,14992.0,Los Angeles,Shanghai-LA,China,3.7,0.6142215088282497,-1.5371877307783144,3115.0,1.016807139315815,-0.7050527333190315,2017.0,0
2024-02-22,41.0,13033.0,Los Angeles,Shanghai-LA,China,3.7,1.0405515512378565,-0.8407370789830967,3191.0,0.8068275154004111,-1.3171074456411103,1948.0,0
2024-02-23,41.0,14502.0,Los Angeles,Shanghai-LA,China,3.7,1.061257530120481,-0.857780979395701,2656.0,0.9063305322128855,-0.8148200525587675,1785.0,0
2024-02-24,43.0,14935.0,Los Angeles,Shanghai-LA,China,3.7,1.2642505277973255,-0.7703925437575825,1421.0,1.3323003575685344,-0.8355795960370928,1678.0,0
2024-02-25,37.0,13786.0,Los Angeles,Shanghai-LA,China,3.7,1.1797502230151633,-0.017283867249832094,1121.0,1.4050847457627125,-0.37943861759790165,2006.0,0
2024-02-26,34.0,14469.0,Los Angeles,Shanghai-LA,China,3.7,1.2373938879456694,-0.6652274321146782,2356.0,1.2678972131740867,-0.7340227388554526,2763.0,0
2024-02-27,42.0,15845.0,Los Angeles,Shanghai-LA,China,3.7,1.2892773892773892,-0.5580708166673511,2574.0,1.0970081300813022,-0.8406429487910122,3075.0,0
2024-02-28,41.0,15004.0,Los Angeles,Shanghai-LA,China,3.7,1.3012005649717517,-0.6624063840393392,2832.0,0.6142215088282497,-1.5371877307783144,3115.0,0
2024-02-29,36.0,11768.0,Los Angeles,Shanghai-LA,China,3.7,1.2678099321186154,-0.14616797794998745,2799.0,1.0405515512378565,-0.8407370789830967,3191.0,0
2024-03-01,38.0,12912.0,Los Angeles,Shanghai-LA,China,3.7,1.047641509433963,-0.9085083170210067,2544.0,1.061257530120481,-0.857780979395701,2656.0,0
2024-03-02,46.0,14822.0,Los Angeles,Shanghai-LA,China,3.7,1.4827266238401147,-1.135141742341938,1401.0,1.2642505277973255,-0.7703925437575825,1421.0,0
2024-03-03,36.0,12798.0,Los Angeles,Shanghai-LA,China,3.7,1.3985964912280706,-0.8641274015584043,1425.0,1.1797502230151633,-0.017283867249832094,1121.0,0
2024-03-04,35.0,11656.0,Los Angeles,Shanghai-LA,China,3.7,1.6409365558912365,-0.4442933701717588,2648.0,1.2373938879456694,-0.6652274321146782,2356.0,0
2024-03-05,38.0,15250.0,Los Angeles,Shanghai-LA,China,3.7,1.2580955334987576,-0.7462995938715349,3224.0,1.2892773892773892,-0.5580708166673511,2574.0,0
2024-03-06,38.0,14799.0,Los Angeles,Shanghai-LA,China,3.7,1.2101780315754103,-1.0056773633359737,2977.0,1.3012005649717517,-0.6624063840393392,2832.0,0
2024-03-07,36.0,12705.0,Los Angeles,Shanghai-LA,China,3.7,0.9487722676937881,-1.3176362485053204,4154.0,1.2678099321186154,-0.14616797794998745,2799.0,0
2024-03-08,32.0,11574.0,Los Angeles,Shanghai-LA,China,3.7,1.075962974022096,-1.2041020670405453,3349.0,1.047641509433963,-0.9085083170210067,2544.0,0
2024-03-09,27.0,8931.0,Los Angeles,Shanghai-LA,China,3.7,0.9748943874471936,-1.229860920787335,1657.0,1.4827266238401147,-1.135141742341938,1401.0,0
2024-03-10,30.0,9589.0,Los Angeles,Shanghai-LA,China,3.7,0.9532188841201717,-0.2272768264638928,1398.0,1.3985964912280706,-0.8641274015584043,1425.0,0
2024-03-11,32.0,10250.0,Los Angeles,Shanghai-LA,China,3.7,1.1158958414302362,-0.6717437768202645,2573.0,1.6409365558912365,-0.4442933701717588,2648.0,0
2024-03-12,35.0,10652.0,Los Angeles,Shanghai-LA,China,3.7,1.3193798449612377,-0.6937053777295463,3096.0,1.2580955334987576,-0.7462995938715349,3224.0,0
2024-03-13,32.0,13486.0,Los Angeles,Shanghai-LA,China,3.7,0.8443171806167399,-1.0211185532479132,3405.0,1.2101780315754103,-1.0056773633359737,2977.0,0
2024-03-14,31.0,13636.0,Los Angeles,Shanghai-LA,China,3.7,0.9426674535261148,-1.1365679581679073,3389.0,0.9487722676937881,-1.3176362485053204,4154.0,0
2024-03-15,41.0,14113.0,Los Angeles,Shanghai-LA,China,3.7,1.114079173838211,-0.6443355585769878,2905.0,1.075962974022096,-1.2041020670405453,3349.0,0
2024-03-16,37.0,14813.0,Los Angeles,Shanghai-LA,China,3.7,1.0804929577464781,-0.44401460003805293,1420.0,0.9748943874471936,-1.229860920787335,1657.0,0
2024-03-17,33.0,12382.0,Los Angeles,Shanghai-LA,China,3.7,0.9271963330786849,-0.7938980388272892,1309.0,0.9532188841201717,-0.2272768264638928,1398.0,0
2024-03-18,35.0,13274.0,Los Angeles,Shanghai-LA,China,3.7,1.282714984181767,-0.14241269938732795,3477.0,1.1158958414302362,-0.6717437768202645,2573.0,0
2024-03-19,37.0,13536.0,Los Angeles,Shanghai-LA,China,3.7,0.9973856209150334,-0.9505725646101679,4131.0,1.3193798449612377,-0.6937053777295463,3096.0,0
2024-03-20,35.0,11916.0,Los Angeles,Shanghai-LA,China,3.7,0.9159999999999997,-1.1918222242339895,4025.0,0.8443171806167399,-1.0211185532479132,3405.0,0
2024-03-21,33.0,12468.0,Los Angeles,Shanghai-LA,China,3.7,0.98451543042772,-0.9383741910274123,3694.0,0.9426674535261148,-1.1365679581679073,3389.0,0
2024-03-22,34.0,13105.0,Los Angeles,Shanghai-LA,China,3.7,0.995323107870252,-1.0728635740204187,3977.0,1.114079173838211,-0.6443355585769878,2905.0,0
2024-03-23,40.0,11410.0,Los Angeles,Shanghai-LA,China,3.7,0.1562264150943398,-2.4622384138697884,2120.0,1.0804929577464781,-0.44401460003805293,1420.0,0
2024-03-24,30.0,9692.0,Los Angeles,Shanghai-LA,China,3.7,0.2680941176470595,-1.7660440062268536,2125.0,0.9271963330786849,-0.7938980388272892,1309.0,0
2024-03-25,32.0,10578.0,Los Angeles,Shanghai-LA,China,3.7,0.48791565287915684,-1.7452595818352024,3699.0,1.282714984181767,-0.14241269938732795,3477.0,0
2024-03-26,36.0,13782.0,Los Angeles,Shanghai-LA,China,3.7,0.035779816513761414,-2.331591740732472,4469.0,0.9973856209150334,-0.9505725646101679,4131.0,0
2024-03-27,41.0,13241.0,Los Angeles,Shanghai-LA,China,3.7,0.862861888941623,-1.490809601652111,4214.0,0.9159999999999997,-1.1918222242339895,4025.0,0
2024-03-28,34.0,11555.0,Los Angeles,Shanghai-LA,China,3.7,1.1341533629939806,-0.8546592810539683,3821.0,0.98451543042772,-0.9383741910274123,3694.0,0
2024-03-29,36.0,13197.0,Los Angeles,Shanghai-LA,China,3.7,1.0595156889495212,-0.7706688212049799,2932.0,0.995323107870252,-1.0728635740204187,3977.0,0
2024-03-30,41.0,13192.0,Los Angeles,Shanghai-LA,China,3.7,0.9511242603550312,-0.9262297053894971,1690.0,0.1562264150943398,-2.4622384138697884,2120.0,0
2024-03-31,35.0,12650.0,Los Angeles,Shanghai-LA,China,3.7,0.9183884297520664,-0.8004514785189261,1452.0,0.2680941176470595,-1.7660440062268536,2125.0,0
2024-04-01,41.0,12960.0,Los Angeles,Shanghai-LA,China,3.7,1.0129650829994261,-0.7615025309896659,3494.0,0.48791565287915684,-1.7452595818352024,3699.0,0
2024-04-02,35.0,13269.0,Los Angeles,Shanghai-LA,China,3.7,1.081987891019172,-1.0161057819098263,3964.0,0.035779816513761414,-2.331591740732472,4469.0,0
2024-04-03,36.0,12536.0,Los Angeles,Shanghai-LA,China,3.7,1.3010235131396974,-0.6015668368892659,3615.0,0.862861888941623,-1.490809601652111,4214.0,0
2024-04-04,38.0,12371.0,Los Angeles,Shanghai-LA,China,3.7,1.2605447184394543,-0.9226153501760386,2717.0,1.1341533629939806,-0.8546592810539683,3821.0,0
2024-04-05,34.0,13052.0,Los Angeles,Shanghai-LA,China,3.7,1.6358414511252937,-1.0003343314550444,2977.0,1.0595156889495212,-0.7706688212049799,2932.0,0
2024-04-06,31.0,11862.0,Los Angeles,Shanghai-LA,China,3.7,0.8784470588235286,-1.0956751305451977,2125.0,0.9511242603550312,-0.9262297053894971,1690.0,0
2024-04-07,32.0,8897.0,Los Angeles,Shanghai-LA,China,3.7,0.9534497444633728,-0.8105408463394995,2348.0,0.9183884297520664,-0.8004514785189261,1452.0,0
2024-04-08,27.0,8506.0,Los Angeles,Shanghai-LA,China,3.7,1.1575850601176774,-0.8742617840249423,3909.0,1.0129650829994261,-0.7615025309896659,3494.0,0
2024-04-09,31.0,10900.0,Los Angeles,Shanghai-LA,China,3.7,1.2738975817923204,-0.3523526789655335,4218.0,1.081987891019172,-1.0161057819098263,3964.0,0
2024-04-10,35.0,11357.0,Los Angeles,Shanghai-LA,China,3.7,1.3693779904306222,-0.2162785023736541,4180.0,1.3010235131396974,-0.6015668368892659,3615.0,0
2024-04-11,30.0,10572.0,Los Angeles,Shanghai-LA,China,3.7,1.133834586466165,-0.4450757755545849,3458.0,1.2605447184394543,-0.9226153501760386,2717.0,0
2024-04-12,32.0,9558.0,Los Angeles,Shanghai-LA,China,3.7,1.1398768647880655,-0.9101811434104259,4223.0,1.6358414511252937,-1.0003343314550444,2977.0,0
2024-04-13,29.0,11107.0,Los Angeles,Shanghai-LA,China,3.7,1.3125597566275524,-0.5977933151829885,2301.0,0.8784470588235286,-1.0956751305451977,2125.0,0
2024-04-14,31.0,10835.0,Los Angeles,Shanghai-LA,China,3.7,1.282453494218199,-1.955602139687365,1989.0,0.9534497444633728,-0.8105408463394995,2348.0,0
2024-04-15,34.0,11691.0,Los Angeles,Shanghai-LA,China,3.7,1.2070584372948139,-1.0928757944690766,3046.0,1.1575850601176774,-0.8742617840249423,3909.0,0
2024-04-16,37.0,12541.0,Los Angeles,Shanghai-LA,China,3.7,1.401866801210898,-1.1874632656320048,3964.0,1.2738975817923204,-0.3523526789655335,4218.0,0
2024-04-17,36.0,12131.0,Los Angeles,Shanghai-LA,China,3.7,1.464005449591281,-0.901837452548873,3670.0,1.3693779904306222,-0.2162785023736541,4180.0,0
2024-04-18,39.0,13641.0,Los Angeles,Shanghai-LA,China,3.7,1.2079681274900396,-0.5647467324020226,3514.0,1.133834586466165,-0.4450757755545849,3458.0,0
2024-04-19,37.0,12389.0,Los Angeles,Shanghai-LA,China,3.7,0.9804975693451531,-0.8614803290774264,3497.0,1.1398768647880655,-0.9101811434104259,4223.0,0
2024-04-20,41.0,13682.0,Los Angeles,Shanghai-LA,China,3.7,1.082601205857019,-0.9286041720036249,2322.0,1.3125597566275524,-0.5977933151829885,2301.0,0
2024-04-21,37.0,13194.0,Los Angeles,Shanghai-LA,China,3.7,1.3703090013434835,-1.0441905791298274,2233.0,1.282453494218199,-1.955602139687365,1989.0,0
2024-04-22,41.0,14866.0,Los Angeles,Shanghai-LA,China,3.7,1.1948309583682586,-0.8286255677122407,3579.0,1.2070584372948139,-1.0928757944690766,3046.0,0
2024-04-23,40.0,14039.0,Los Angeles,Shanghai-LA,China,3.7,0.8433984193398416,-1.5393233826482327,4302.0,1.401866801210898,-1.1874632656320048,3964.0,0
2024-04-24,40.0,13884.0,Los Angeles,Shanghai-LA,China,3.7,0.9011564786405468,-1.2118616936314694,4237.0,1.464005449591281,-0.901837452548873,3670.0,0
2024-04-25,43.0,14880.0,Los Angeles,Shanghai-LA,China,3.7,1.2854918245522966,-0.8545193238291742,3853.0,1.2079681274900396,-0.5647467324020226,3514.0,0
2024-04-26,42.0,14601.0,Los Angeles,Shanghai-LA,China,3.7,1.3790665064102559,-1.4864536694903578,4992.0,0.9804975693451531,-0.8614803290774264,3497.0,0
2024-04-27,35.0,11585.0,Los Angeles,Shanghai-LA,China,3.7,1.2990238611713658,-0.972003482269326,2766.0,1.082601205857019,-0.9286041720036249,2322.0,0
2024-04-28,30.0,10682.0,Los Angeles,Shanghai-LA,China,3.7,1.3380952380952376,-0.5766608986873558,2247.0,1.3703090013434835,-1.0441905791298274,2233.0,0
2024-04-29,31.0,10596.0,Los Angeles,Shanghai-LA,China,3.7,1.6149583766909463,-0.4348589002845895,3844.0,1.1948309583682586,-0.8286255677122407,3579.0,0
2024-04-30,33.0,9550.0,Los Angeles,Shanghai-LA,China,3.7,1.1786885245901635,-0.46260658933386045,3843.0,0.8433984193398416,-1.5393233826482327,4302.0,0
2024-05-01,28.0,9692.0,Los Angeles,Shanghai-LA,China,3.7,0.9913955928646376,-0.9415802496894029,2859.0,0.9011564786405468,-1.2118616936314694,4237.0,0
2024-05-02,30.0,10085.0,Los Angeles,Shanghai-LA,China,3.7,1.06742474916388,-1.4638398285200023,2990.0,1.2854918245522966,-0.8545193238291742,3853.0,0
2024-05-03,34.0,12733.0,Los Angeles,Shanghai-LA,China,3.7,1.1174983585029536,-0.9318351152205268,3046.0,1.3790665064102559,-1.4864536694903578,4992.0,0
2024-05-04,32.0,11240.0,Los Angeles,Shanghai-LA,China,3.7,1.3875463698993105,-0.7915872116675005,1887.0,1.2990238611713658,-0.972003482269326,2766.0,0
2024-05-05,29.0,10265.0,Los Angeles,Shanghai-LA,China,3.7,1.598068410462777,-0.3262873978564327,2485.0,1.3380952380952376,-0.5766608986873558,2247.0,0
2024-05-06,30.0,10406.0,Los Angeles,Shanghai-LA,China,3.7,1.6564204148217188,-0.553591268269695,4291.0,1.6149583766909463,-0.4348589002845895,3844.0,0
2024-05-07,28.0,11088.0,Los Angeles,Shanghai-LA,China,3.7,0.9752486187845298,-0.8127315804787927,5430.0,1.1786885245901635,-0.46260658933386045,3843.0,0
2024-05-08,33.0,10855.0,Los Angeles,Shanghai-LA,China,3.7,1.4908648977111576,0.04184744869577296,4937.0,0.9913955928646376,-0.9415802496894029,2859.0,0
2024-05-09,32.0,10598.0,Los Angeles,Shanghai-LA,China,3.7,1.6609843937575033,0.11206630735580728,4165.0,1.06742474916388,-1.4638398285200023,2990.0,0
2024-05-10,35.0,12513.0,Los Angeles,Shanghai-LA,China,3.7,1.6568978374347494,0.09345817199645118,4023.0,1.1174983585029536,-0.9318351152205268,3046.0,0
2024-05-11,33.0,10779.0,Los Angeles,Shanghai-LA,China,3.7,1.332698877501221,-0.0519152897146854,2049.0,1.3875463698993105,-0.7915872116675005,1887.0,0
2024-05-12,30.0,13642.0,Los Angeles,Shanghai-LA,China,3.7,1.198132088058707,-0.5924661157538106,1499.0,1.598068410462777,-0.3262873978564327,2485.0,0
2024-05-13,32.0,11984.0,Los Angeles,Shanghai-LA,China,3.7,1.3391304347826103,-0.8744032743252246,3795.0,1.6564204148217188,-0.553591268269695,4291.0,0
2024-05-14,33.0,12368.0,Los Angeles,Shanghai-LA,China,3.7,1.2578223080637383,-1.1638742217264342,4142.0,0.9752486187845298,-0.8127315804787927,5430.0,0
2024-05-15,33.0,11784.0,Los Angeles,Shanghai-LA,China,3.7,1.3407306837817812,-0.930589089108831,4051.0,1.4908648977111576,0.04184744869577296,4937.0,0
2024-05-16,36.0,12017.0,Los Angeles,Shanghai-LA,China,3.7,1.61736417033774,-0.2371906412111171,5448.0,1.6609843937575033,0.11206630735580728,4165.0,0
2024-05-17,32.0,11701.0,Los Angeles,Shanghai-LA,China,3.7,1.8172306322350869,-0.11888531576393108,4492.0,1.6568978374347494,0.09345817199645118,4023.0,0
2024-05-18,31.0,10687.0,Los Angeles,Shanghai-LA,China,3.7,1.3359107214029486,-0.3133583756160734,2509.0,1.332698877501221,-0.0519152897146854,2049.0,0
2024-05-19,28.0,11772.0,Los Angeles,Shanghai-LA,China,3.7,1.312772277227724,-0.6792894147812816,2020.0,1.198132088058707,-0.5924661157538106,1499.0,0
2024-05-20,30.0,11118.0,Los Angeles,Shanghai-LA,China,3.7,1.2996618765849528,-0.8066084508319353,3549.0,1.3391304347826103,-0.8744032743252246,3795.0,0
2024-05-21,33.0,11344.0,Los Angeles,Shanghai-LA,China,3.7,1.2573386636207893,-0.5982300977286471,3502.0,1.2578223080637383,-1.1638742217264342,4142.0,0
2024-05-22,33.0,11947.0,Los Angeles,Shanghai-LA,China,3.7,1.1998591945930723,-0.6534470709621106,3551.0,1.3407306837817812,-0.930589089108831,4051.0,0
2024-05-23,33.0,11279.0,Los Angeles,Shanghai-LA,China,3.7,0.7246759720837486,-1.2685933628121548,4012.0,1.61736417033774,-0.2371906412111171,5448.0,0
2024-05-24,25.0,9133.0,Los Angeles,Shanghai-LA,China,3.7,0.4900103252452243,-1.4603008551649426,3876.0,1.8172306322350869,-0.11888531576393108,4492.0,0
2024-05-25,27.0,9897.0,Los Angeles,Shanghai-LA,China,3.7,1.064827586206897,-1.1133016600242711,2610.0,1.3359107214029486,-0.3133583756160734,2509.0,0
2024-05-26,28.0,9178.0,Los Angeles,Shanghai-LA,China,3.7,1.6496054888507714,-0.47472658052079836,2915.0,1.312772277227724,-0.6792894147812816,2020.0,0
2024-05-27,32.0,10631.0,Los Angeles,Shanghai-LA,China,3.7,1.3026061776061777,-0.31695716956886644,4144.0,1.2996618765849528,-0.8066084508319353,3549.0,0
2024-05-28,35.0,11707.0,Los Angeles,Shanghai-LA,China,3.7,1.2848436671966106,-0.6865474682987691,3774.0,1.2573386636207893,-0.5982300977286471,3502.0,0
2024-05-29,35.0,13859.0,Los Angeles,Shanghai-LA,China,3.7,1.5927592013471261,-0.20844118867795947,4157.0,1.1998591945930723,-0.6534470709621106,3551.0,0
2024-05-30,35.0,14129.0,Los Angeles,Shanghai-LA,China,3.7,1.6422177237966715,-0.3936574572424966,4446.0,0.7246759720837486,-1.2685933628121548,4012.0,0
2024-05-31,40.0,14077.0,Los Angeles,Shanghai-LA,China,3.7,1.3139145496535836,-0.26321400377219906,5196.0,0.4900103252452243,-1.4603008551649426,3876.0,0
2024-06-01,38.0,11561.0,Los Angeles,Shanghai-LA,China,3.7,1.1557260920897285,-0.6773134907339028,2541.0,1.064827586206897,-1.1133016600242711,2610.0,0
2024-06-02,32.0,12283.0,Los Angeles,Shanghai-LA,China,3.7,0.954451345755694,-1.3670542826723886,2898.0,1.6496054888507714,-0.47472658052079836,2915.0,0
2024-06-03,33.0,12923.0,Los Angeles,Shanghai-LA,China,3.7,1.0734693877551025,-0.8443570589254961,3969.0,1.3026061776061777,-0.31695716956886644,4144.0,0
2024-06-04,38.0,13600.0,Los Angeles,Shanghai-LA,China,3.7,0.8758356723653973,-0.5691676169174953,3919.0,1.2848436671966106,-0.6865474682987691,3774.0,0
2024-06-05,34.0,13151.0,Los Angeles,Shanghai-LA,China,3.7,1.2746987951807223,-0.18572302463760454,3569.0,1.5927592013471261,-0.20844118867795947,4157.0,0
2024-06-06,36.0,12803.0,Los Angeles,Shanghai-LA,China,3.7,1.5051598607154144,0.2593171444268338,3159.0,1.6422177237966715,-0.3936574572424966,4446.0,0
2024-06-07,34.0,11563.0,Los Angeles,Shanghai-LA,China,3.7,1.3468126838836236,0.2422086105610921,3059.0,1.3139145496535836,-0.26321400377219906,5196.0,0
2024-06-08,32.0,10051.0,Los Angeles,Shanghai-LA,China,3.7,1.5232101076275155,0.2927254916764745,2137.0,1.1557260920897285,-0.6773134907339028,2541.0,0
2024-06-09,29.0,10248.0,Los Angeles,Shanghai-LA,China,3.7,1.3425506555423126,0.015251996376270033,1678.0,0.954451345755694,-1.3670542826723886,2898.0,0
2024-06-10,36.0,13629.0,Los Angeles,Shanghai-LA,China,3.7,1.0853996737357243,-0.4606649230707007,2452.0,1.0734693877551025,-0.8443570589254961,3969.0,0
2024-06-11,39.0,14189.0,Los Angeles,Shanghai-LA,China,3.7,0.9878070435039947,-0.9189562587576703,3379.0,0.8758356723653973,-0.5691676169174953,3919.0,0
2024-06-12,37.0,12717.0,Los Angeles,Shanghai-LA,China,3.7,1.1766032210834554,-0.8887229018746751,3415.0,1.2746987951807223,-0.18572302463760454,3569.0,0
2024-06-13,33.0,12375.0,Los Angeles,Shanghai-LA,China,3.7,1.4256731538256489,-0.651946039321071,3751.0,1.5051598607154144,0.2593171444268338,3159.0,0
2024-06-14,41.0,13119.0,Los Angeles,Shanghai-LA,China,3.7,1.263381057268721,-0.8789890475778304,3632.0,1.3468126838836236,0.2422086105610921,3059.0,0
2024-06-15,41.0,14899.0,Los Angeles,Shanghai-LA,China,3.7,0.9668426610348471,-1.3263072744631677,2841.0,1.5232101076275155,0.2927254916764745,2137.0,0
2024-06-16,40.0,14532.0,Los Angeles,Shanghai-LA,China,3.7,1.0513924050632915,-1.002257043865556,2765.0,1.3425506555423126,0.015251996376270033,1678.0,0
2024-06-17,38.0,14756.0,Los Angeles,Shanghai-LA,China,3.7,0.6297309621523033,-1.2103822737396994,4386.0,1.0853996737357243,-0.4606649230707007,2452.0,0
2024-06-18,39.0,14834.0,Los Angeles,Shanghai-LA,China,3.7,0.8545611759619539,-1.2110627240467302,4626.0,0.9878070435039947,-0.9189562587576703,3379.0,0
2024-06-19,38.0,13164.0,Los Angeles,Shanghai-LA,China,3.7,1.078785842293908,-0.7604014368704731,4464.0,1.1766032210834554,-0.8887229018746751,3415.0,0
2024-06-20,36.0,13945.0,Los Angeles,Shanghai-LA,China,3.7,1.355191393545158,-0.482545521901929,3997.0,1.4256731538256489,-0.651946039321071,3751.0,0
2024-06-21,37.0,13929.0,Los Angeles,Shanghai-LA,China,3.7,1.1645438463482438,-0.8269495269492082,3957.0,1.263381057268721,-0.8789890475778304,3632.0,0
2024-06-22,35.0,10731.0,Los Angeles,Shanghai-LA,China,3.7,1.0652137468566638,-1.1390869477249106,2386.0,0.9668426610348471,-1.3263072744631677,2841.0,0
2024-06-23,28.0,8349.0,Los Angeles,Shanghai-LA,China,3.7,0.6080763582966223,-1.4598662710807162,2043.0,1.0513924050632915,-1.002257043865556,2765.0,0
2024-06-24,32.0,8600.0,Los Angeles,Shanghai-LA,China,3.7,1.0896801112656471,-0.7496682499538699,3595.0,0.6297309621523033,-1.2103822737396994,4386.0,0
2024-06-25,33.0,10399.0,Los Angeles,Shanghai-LA,China,3.7,1.3198970398970413,-0.5501184399534291,3885.0,0.8545611759619539,-1.2110627240467302,4626.0,0
2024-06-26,32.0,10599.0,Los Angeles,Shanghai-LA,China,3.7,1.4449074074074089,-0.24563555732329279,3240.0,1.078785842293908,-0.7604014368704731,4464.0,0
2024-06-27,30.0,11475.0,Los Angeles,Shanghai-LA,China,3.7,1.5988586479367857,-0.27437753439958096,3417.0,1.355191393545158,-0.482545521901929,3997.0,0
2024-06-28,37.0,12635.0,Los Angeles,Shanghai-LA,China,3.7,1.265734513274336,-0.53537083909115,2825.0,1.1645438463482438,-0.8269495269492082,3957.0,0
2024-06-29,38.0,12496.0,Los Angeles,Shanghai-LA,China,3.7,1.2718966603654704,-0.15954366174470216,1587.0,1.0652137468566638,-1.1390869477249106,2386.0,0
2024-06-30,38.0,12167.0,Los Angeles,Shanghai-LA,China,3.7,1.1982857142857146,-0.8511666776975453,1575.0,0.6080763582966223,-1.4598662710807162,2043.0,0
2024-07-01,36.0,12838.0,Los Angeles,Shanghai-LA,China,3.7,1.3013781921361987,-0.496379429171117,2467.0,1.0896801112656471,-0.7496682499538699,3595.0,0
2024-07-02,34.0,13509.0,Los Angeles,Shanghai-LA,China,3.7,1.2346055979643766,-0.542670575722067,3537.0,1.3198970398970413,-0.5501184399534291,3885.0,0
2024-07-03,41.0,13689.0,Los Angeles,Shanghai-LA,China,3.7,1.4685752628047448,-0.5123068259951674,4471.0,1.4449074074074089,-0.24563555732329279,3240.0,0
2024-07-04,35.0,13082.0,Los Angeles,Shanghai-LA,China,3.7,1.5789372445299341,0.03864954974966078,4159.0,1.5988586479367857,-0.27437753439958096,3417.0,0
2024-07-05,29.0,9749.0,Los Angeles,Shanghai-LA,China,3.7,1.283695031410622,0.319801002450381,3502.0,1.265734513274336,-0.53537083909115,2825.0,0
2024-07-06,30.0,10263.0,Los Angeles,Shanghai-LA,China,3.7,1.4401794616151549,0.3889802063255689,2006.0,1.2718966603654704,-0.15954366174470216,1587.0,0
2024-07-07,39.0,12641.0,Los Angeles,Shanghai-LA,China,3.7,1.378982434887948,0.4179103667665438,1651.0,1.1982857142857146,-0.8511666776975453,1575.0,0
2024-07-08,43.0,15183.0,Los Angeles,Shanghai-LA,China,3.7,1.73698508127366,-0.046611150817635366,4491.0,1.3013781921361987,-0.496379429171117,2467.0,0
2024-07-09,49.0,15441.0,Los Angeles,Shanghai-LA,China,3.7,1.312865350986757,-0.2638996421107648,4003.0,1.2346055979643766,-0.542670575722067,3537.0,0
2024-07-10,40.0,14698.0,Los Angeles,Shanghai-LA,China,3.7,1.359506651884701,-0.12308445538398627,3608.0,1.4685752628047448,-0.5123068259951674,4471.0,0
2024-07-11,38.0,12728.0,Los Angeles,Shanghai-LA,China,3.7,1.1160829493087563,-0.5863381797156663,4340.0,1.5789372445299341,0.03864954974966078,4159.0,0
2024-07-12,40.0,12167.0,Los Angeles,Shanghai-LA,China,3.7,1.3053400786958969,-0.35110395292293334,3558.0,1.283695031410622,0.319801002450381,3502.0,0
2024-07-13,39.0,13950.0,Los Angeles,Shanghai-LA,China,3.7,1.0937116564417182,-0.7719370407042123,1956.0,1.4401794616151549,0.3889802063255689,2006.0,0
2024-07-14,39.0,13444.0,Los Angeles,Shanghai-LA,China,3.7,0.9987811634349032,-1.3106454570415023,1805.0,1.378982434887948,0.4179103667665438,1651.0,0
2024-07-15,44.0,14021.0,Los Angeles,Shanghai-LA,China,3.7,1.115376344086023,-0.8033818150774107,2790.0,1.73698508127366,-0.046611150817635366,4491.0,0
2024-07-16,41.0,15349.0,Los Angeles,Shanghai-LA,China,3.7,1.1825868864206364,-0.8613902473164375,2791.0,1.312865350986757,-0.2638996421107648,4003.0,0
2024-07-17,46.0,16422.0,Los Angeles,Shanghai-LA,China,3.7,1.032097591888468,-0.8440956235679228,3156.0,1.359506651884701,-0.12308445538398627,3608.0,0
2024-07-18,47.0,13990.0,Los Angeles,Shanghai-LA,China,3.7,1.1113826581854704,-0.3386072339405827,2987.0,1.1160829493087563,-0.5863381797156663,4340.0,0
2024-07-19,40.0,12130.0,Los Angeles,Shanghai-LA,China,3.7,1.3334096983581525,-0.2233790463293264,2619.0,1.3053400786958969,-0.35110395292293334,3558.0,0
2024-07-20,40.0,13749.0,Los Angeles,Shanghai-LA,China,3.7,1.730823947836396,-0.7058668666778418,1687.0,1.0937116564417182,-0.7719370407042123,1956.0,0
2024-07-21,36.0,15076.0,Los Angeles,Shanghai-LA,China,3.7,1.2697439353099729,-0.9569867729271507,1484.0,0.9987811634349032,-1.3106454570415023,1805.0,0
2024-07-22,45.0,16316.0,Los Angeles,Shanghai-LA,China,3.7,1.5944464609800357,-0.5219051601980456,2755.0,1.115376344086023,-0.8033818150774107,2790.0,0
2024-07-23,50.0,16855.0,Los Angeles,Shanghai-LA,China,3.7,1.8027763627101387,-0.4712542309900984,3926.0,1.1825868864206364,-0.8613902473164375,2791.0,0
2024-07-24,47.0,17104.0,Los Angeles,Shanghai-LA,China,3.7,2.024202392821536,-0.03914557885864803,4012.0,1.032097591888468,-0.8440956235679228,3156.0,0
2024-07-25,46.0,16703.0,Los Angeles,Shanghai-LA,China,3.7,1.9055405405405428,-0.15179580735404513,3700.0,1.1113826581854704,-0.3386072339405827,2987.0,0
2024-07-26,44.0,16628.0,Los Angeles,Shanghai-LA,China,3.7,1.6884319526627196,-0.5320211354934871,3380.0,1.3334096983581525,-0.2233790463293264,2619.0,0
2024-07-27,42.0,13630.0,Los Angeles,Shanghai-LA,China,3.7,1.4313865862848547,-1.1865479330717037,2654.0,1.730823947836396,-0.7058668666778418,1687.0,0
2024-07-28,36.0,14723.0,Los Angeles,Shanghai-LA,China,3.7,1.7522962962962976,-0.8530014432264162,2025.0,1.2697439353099729,-0.9569867729271507,1484.0,0
2024-07-29,48.0,14564.0,Los Angeles,Shanghai-LA,China,3.7,1.448157248157246,-0.4472441545240149,3256.0,1.5944464609800357,-0.5219051601980456,2755.0,0
2024-07-30,46.0,16148.0,Los Angeles,Shanghai-LA,China,3.7,1.39323566084788,-0.273623772714184,3208.0,1.8027763627101387,-0.4712542309900984,3926.0,0
2024-07-31,42.0,14864.0,Los Angeles,Shanghai-LA,China,3.7,1.2159594680177317,-1.1490067730981237,3158.0,2.024202392821536,-0.03914557885864803,4012.0,0
2024-08-01,41.0,13941.0,Los Angeles,Shanghai-LA,China,3.7,1.1659808442710173,-0.9921350129186752,2819.0,1.9055405405405428,-0.15179580735404513,3700.0,0
2024-08-02,39.0,14183.0,Los Angeles,Shanghai-LA,China,3.7,1.3613814074717652,-0.6616829714898633,2302.0,1.6884319526627196,-0.5320211354934871,3380.0,0
2024-08-03,45.0,15155.0,Los Angeles,Shanghai-LA,China,3.7,1.1685612788632338,-1.0966749181543494,1126.0,1.4313865862848547,-1.1865479330717037,2654.0,0
2024-08-04,43.0,14757.0,Los Angeles,Shanghai-LA,China,3.7,1.4490322580645167,-0.9097483151607864,1085.0,1.7522962962962976,-0.8530014432264162,2025.0,0
2024-08-05,45.0,13925.0,Los Angeles,Shanghai-LA,China,3.7,1.287883435582823,-0.45529561200573354,1956.0,1.448157248157246,-0.4472441545240149,3256.0,0
2024-08-06,39.0,12983.0,Los Angeles,Shanghai-LA,China,3.7,1.6285714285714277,-0.4111939229978555,2296.0,1.39323566084788,-0.273623772714184,3208.0,0
2024-08-07,34.0,12474.0,Los Angeles,Shanghai-LA,China,3.7,1.2081102362204725,-0.8456324993857207,2540.0,1.2159594680177317,-1.1490067730981237,3158.0,0
2024-08-08,33.0,10709.0,Los Angeles,Shanghai-LA,China,3.7,1.5255111524163554,-0.42204905410219046,2152.0,1.1659808442710173,-0.9921350129186752,2819.0,0
2024-08-09,38.0,11381.0,Los Angeles,Shanghai-LA,China,3.7,1.5470922606034112,-0.3847433926249079,2287.0,1.3613814074717652,-0.6616829714898633,2302.0,0
2024-08-10,34.0,11118.0,Los Angeles,Shanghai-LA,China,3.7,1.1600830367734285,-0.35228585105747867,1686.0,1.1685612788632338,-1.0966749181543494,1126.0,0
2024-08-11,32.0,11569.0,Los Angeles,Shanghai-LA,China,3.7,0.8621253405994553,-0.9579703203251465,1101.0,1.4490322580645167,-0.9097483151607864,1085.0,0
2024-08-12,39.0,13114.0,Los Angeles,Shanghai-LA,China,3.7,0.8386353366470849,-1.1655409952616211,2213.0,1.287883435582823,-0.45529561200573354,1956.0,0
2024-08-13,38.0,13715.0,Los Angeles,Shanghai-LA,China,3.7,1.1655476290390263,-1.2810692709577325,2383.0,1.6285714285714277,-0.4111939229978555,2296.0,0
2024-08-14,39.0,14725.0,Los Angeles,Shanghai-LA,China,3.7,1.4831282254863025,-1.1350314180467522,2519.0,1.2081102362204725,-0.8456324993857207,2540.0,0
2024-08-15,42.0,13341.0,Los Angeles,Shanghai-LA,China,3.7,1.7074968763015435,-0.2927712211159082,2401.0,1.5255111524163554,-0.42204905410219046,2152.0,0
2024-08-16,40.0,14090.0,Los Angeles,Shanghai-LA,China,3.7,1.5480221811460284,-0.4026371887355443,2705.0,1.5470922606034112,-0.3847433926249079,2287.0,0
2024-08-17,43.0,13902.0,Los Angeles,Shanghai-LA,China,3.7,0.9845042678923177,-0.840879184134119,1523.0,1.1600830367734285,-0.35228585105747867,1686.0,0
2024-08-18,42.0,15364.0,Los Angeles,Shanghai-LA,China,3.7,1.390117484450589,-0.39318581226050975,1447.0,0.8621253405994553,-0.9579703203251465,1101.0,0
2024-08-19,41.0,16061.0,Los Angeles,Shanghai-LA,China,3.7,1.3935251798561143,-0.8372227958740165,3197.0,0.8386353366470849,-1.1655409952616211,2213.0,0
2024-08-20,44.0,15882.0,Los Angeles,Shanghai-LA,China,3.7,1.5989284588717285,-0.1300257189060431,3173.0,1.1655476290390263,-1.2810692709577325,2383.0,0
2024-08-21,48.0,16042.0,Los Angeles,Shanghai-LA,China,3.7,1.2869550966896097,-0.21580758923026927,3051.0,1.4831282254863025,-1.1350314180467522,2519.0,0
2024-08-22,48.0,17415.0,Los Angeles,Shanghai-LA,China,3.7,1.0768637532133671,-0.5955860844369671,3112.0,1.7074968763015435,-0.2927712211159082,2401.0,0
2024-08-23,47.0,17518.0,Los Angeles,Shanghai-LA,China,3.7,1.3968356583872066,-0.4434974560364537,2939.0,1.5480221811460284,-0.4026371887355443,2705.0,0
2024-08-24,49.0,14859.0,Los Angeles,Shanghai-LA,China,3.7,1.3163120567375899,-0.8071624355808567,1551.0,0.9845042678923177,-0.840879184134119,1523.0,0
2024-08-25,38.0,15609.0,Los Angeles,Shanghai-LA,China,3.7,1.1178154205607442,-1.2623266929837764,1712.0,1.390117484450589,-0.39318581226050975,1447.0,0
2024-08-26,41.0,16261.0,Los Angeles,Shanghai-LA,China,3.7,0.922789855072464,-0.9472799683337403,2760.0,1.3935251798561143,-0.8372227958740165,3197.0,0
2024-08-27,46.0,16356.0,Los Angeles,Shanghai-LA,China,3.7,0.852935196950444,-1.2127327688339191,3935.0,1.5989284588717285,-0.1300257189060431,3173.0,0
2024-08-28,54.0,16614.0,Los Angeles,Shanghai-LA,China,3.7,1.2534181240063607,-0.8180572176608458,3145.0,1.2869550966896097,-0.21580758923026927,3051.0,0
2024-08-29,42.0,15244.0,Los Angeles,Shanghai-LA,China,3.7,1.3109609992352784,-0.9233322809112586,3923.0,1.0768637532133671,-0.5955860844369671,3112.0,0
2024-08-30,43.0,15550.0,Los Angeles,Shanghai-LA,China,3.7,1.3138942617666012,-0.7525161642372393,3102.0,1.3968356583872066,-0.4434974560364537,2939.0,0
2024-08-31,40.0,14788.0,Los Angeles,Shanghai-LA,China,3.7,0.886861702127659,-1.5676990113821452,1880.0,1.3163120567375899,-0.8071624355808567,1551.0,0
2024-09-01,40.0,12902.0,Los Angeles,Shanghai-LA,China,3.7,1.1483286118980163,-1.1040060875716855,1765.0,1.1178154205607442,-1.2623266929837764,1712.0,0
2024-09-02,34.0,13347.0,Los Angeles,Shanghai-LA,China,3.7,1.4075238431649575,-0.008600785918626563,2831.0,0.922789855072464,-0.9472799683337403,2760.0,0
2024-09-03,38.0,14452.0,Los Angeles,Shanghai-LA,China,3.7,1.424489239989102,-0.07787113412994162,3671.0,0.852935196950444,-1.2127327688339191,3935.0,0
2024-09-04,42.0,16801.0,Los Angeles,Shanghai-LA,China,3.7,1.5665921288014308,-0.034364707387391794,4472.0,1.2534181240063607,-0.8180572176608458,3145.0,0
2024-09-05,44.0,15278.0,Los Angeles,Shanghai-LA,China,3.7,1.6026921194322075,0.26430863495064916,4086.0,1.3109609992352784,-0.9233322809112586,3923.0,0
2024-09-06,47.0,15373.0,Los Angeles,Shanghai-LA,China,3.7,1.904839185600472,0.394590594654329,3389.0,1.3138942617666012,-0.7525161642372393,3102.0,0
2024-09-07,43.0,14425.0,Los Angeles,Shanghai-LA,China,3.7,1.7907797940166734,-0.032566872645788614,2039.0,0.886861702127659,-1.5676990113821452,1880.0,0
2024-09-08,41.0,14454.0,Los Angeles,Shanghai-LA,China,3.7,1.946073558648111,0.11481126373491612,2012.0,1.1483286118980163,-1.1040060875716855,1765.0,0
2024-09-09,38.0,12328.0,Los Angeles,Shanghai-LA,China,3.7,1.6572388686642416,0.2948800861452993,3571.0,1.4075238431649575,-0.008600785918626563,2831.0,0
2024-09-10,45.0,12322.0,Los Angeles,Shanghai-LA,China,3.7,1.7128386004514684,-0.054389520525137125,3544.0,1.424489239989102,-0.07787113412994162,3671.0,0
2024-09-11,47.0,13811.0,Los Angeles,Shanghai-LA,China,3.7,1.4285551439156445,-0.2900088065183033,3509.0,1.5665921288014308,-0.034364707387391794,4472.0,0
2024-09-12,45.0,15291.0,Los Angeles,Shanghai-LA,China,3.7,1.5803979366249077,0.02996434476513615,4071.0,1.6026921194322075,0.26430863495064916,4086.0,0
2024-09-13,47.0,13219.0,Los Angeles,Shanghai-LA,China,3.7,1.5654426416168532,-0.2979453988387392,3513.0,1.904839185600472,0.394590594654329,3389.0,0
2024-09-14,46.0,14135.0,Los Angeles,Shanghai-LA,China,3.7,1.6991445294912209,0.26649594943976007,2221.0,1.7907797940166734,-0.032566872645788614,2039.0,0
2024-09-15,43.0,13414.0,Los Angeles,Shanghai-LA,China,3.7,1.6385875706214674,-0.08043695861748534,1770.0,1.946073558648111,0.11481126373491612,2012.0,0
2024-09-16,48.0,15385.0,Los Angeles,Shanghai-LA,China,3.7,1.2349464351680828,-1.3772852261564874,2707.0,1.6572388686642416,0.2948800861452993,3571.0,0
2024-09-17,53.0,16287.0,Los Angeles,Shanghai-LA,China,3.7,1.2134251290877798,-1.024148906623331,2324.0,1.7128386004514684,-0.054389520525137125,3544.0,0
2024-09-18,44.0,13363.0,Los Angeles,Shanghai-LA,China,3.7,0.9118740515933234,-0.7304441626570588,2636.0,1.4285551439156445,-0.2900088065183033,3509.0,0
2024-09-19,45.0,15315.0,Los Angeles,Shanghai-LA,China,3.7,0.6941450432468392,-0.9627139758183578,3006.0,1.5803979366249077,0.02996434476513615,4071.0,0
2024-09-20,47.0,14555.0,Los Angeles,Shanghai-LA,China,3.7,1.3621355932203383,-0.5700975395698277,2950.0,1.5654426416168532,-0.2979453988387392,3513.0,0
2024-09-21,44.0,15167.0,Los Angeles,Shanghai-LA,China,3.7,1.1627880184331796,-0.03726956684708693,1736.0,1.6991445294912209,0.26649594943976007,2221.0,0
2024-09-22,47.0,16014.0,Los Angeles,Shanghai-LA,China,3.7,1.2718711276332102,-0.29852178715534106,1614.0,1.6385875706214674,-0.08043695861748534,1770.0,0
2024-09-23,45.0,11972.0,Los Angeles,Shanghai-LA,China,3.7,1.1301685586515295,-0.6041219209055246,2907.0,1.2349464351680828,-1.3772852261564874,2707.0,0
2024-09-24,47.0,12781.0,Los Angeles,Shanghai-LA,China,3.7,0.9897443263430051,-1.181325522803281,3481.0,1.2134251290877798,-1.024148906623331,2324.0,0
2024-09-25,40.0,13274.0,Los Angeles,Shanghai-LA,China,3.7,0.6813859790491532,-0.676780485124052,3723.0,0.9118740515933234,-0.7304441626570588,2636.0,0
2024-09-26,42.0,13736.0,Los Angeles,Shanghai-LA,China,3.7,1.3500542299349232,-0.11024633556743312,3688.0,0.6941450432468392,-0.9627139758183578,3006.0,0
2024-09-27,40.0,14337.0,Los Angeles,Shanghai-LA,China,3.7,1.3700497221409773,-0.4726549694793871,3419.0,1.3621355932203383,-0.5700975395698277,2950.0,0
2024-09-28,39.0,13991.0,Los Angeles,Shanghai-LA,China,3.7,1.3226206896551724,-0.5303400712374862,2175.0,1.1627880184331796,-0.03726956684708693,1736.0,0
2024-09-29,37.0,10924.0,Los Angeles,Shanghai-LA,China,3.7,1.2446965959546141,-0.2653946889197865,2027.0,1.2718711276332102,-0.29852178715534106,1614.0,0
2024-09-30,39.0,13325.0,Los Angeles,Shanghai-LA,China,3.7,1.5195771339075974,0.2602491846502639,2554.0,1.1301685586515295,-0.6041219209055246,2907.0,0
2024-10-01,37.0,13318.0,Los Angeles,Shanghai-LA,China,3.7,0.8378931967812729,-0.673316890056489,2734.0,0.9897443263430051,-1.181325522803281,3481.0,0
2024-10-02,40.0,12668.0,Los Angeles,Shanghai-LA,China,3.7,0.7465748182166093,-1.118177244375382,2613.0,0.6813859790491532,-0.676780485124052,3723.0,0
2024-10-03,38.0,13667.0,Los Angeles,Shanghai-LA,China,3.7,0.9812558139534888,-1.424004279818259,2150.0,1.3500542299349232,-0.11024633556743312,3688.0,0
2024-10-04,45.0,12655.0,Los Angeles,Shanghai-LA,China,3.7,1.3476018099547518,-1.1076899273022809,2210.0,1.3700497221409773,-0.4726549694793871,3419.0,0
2024-10-05,48.0,14021.0,Los Angeles,Shanghai-LA,China,3.7,1.0375988497483823,-0.9274334003120099,1391.0,1.3226206896551724,-0.5303400712374862,2175.0,0
2024-10-06,37.0,12381.0,Los Angeles,Shanghai-LA,China,3.7,0.8128540305010888,-0.9651251409270206,1377.0,1.2446965959546141,-0.2653946889197865,2027.0,0
2024-10-07,41.0,13617.0,Los Angeles,Shanghai-LA,China,3.7,-0.21667322060558403,-2.674962315495667,2543.0,1.5195771339075974,0.2602491846502639,2554.0,0
2024-10-08,46.0,14479.0,Los Angeles,Shanghai-LA,China,3.7,0.8292259632072195,-1.4142701819532957,2881.0,0.8378931967812729,-0.673316890056489,2734.0,0
2024-10-09,42.0,13077.0,Los Angeles,Shanghai-LA,China,3.7,1.3806261510128908,-1.0478868384256712,2715.0,0.7465748182166093,-1.118177244375382,2613.0,0
2024-10-10,40.0,11893.0,Los Angeles,Shanghai-LA,China,3.7,0.9543280565847089,-0.8782320055863836,2969.0,0.9812558139534888,-1.424004279818259,2150.0,0
2024-10-11,36.0,11529.0,Los Angeles,Shanghai-LA,China,3.7,0.7149517149517153,-0.6911803816079614,3003.0,1.3476018099547518,-1.1076899273022809,2210.0,0
2024-10-12,35.0,10990.0,Los Angeles,Shanghai-LA,China,3.7,0.924322916666667,-0.13975571120114283,1920.0,1.0375988497483823,-0.9274334003120099,1391.0,0
2024-10-13,32.0,10424.0,Los Angeles,Shanghai-LA,China,3.7,1.1189057421451771,-0.06401347319533236,1846.0,0.8128540305010888,-0.9651251409270206,1377.0,0
2024-10-14,32.0,9949.0,Los Angeles,Shanghai-LA,China,3.7,1.105943093162,-0.4397181296623624,4358.0,-0.21667322060558403,-2.674962315495667,2543.0,0
2024-10-15,33.0,11021.0,Los Angeles,Shanghai-LA,China,3.7,1.4256448412698417,0.08512570410935147,4032.0,0.8292259632072195,-1.4142701819532957,2881.0,0
2024-10-16,39.0,11774.0,Los Angeles,Shanghai-LA,China,3.7,1.1798069187449698,0.26287625667272385,3729.0,1.3806261510128908,-1.0478868384256712,2715.0,0
2024-10-17,36.0,10863.0,Los Angeles,Shanghai-LA,China,3.7,1.2255945639864105,-0.4131910263490953,2649.0,0.9543280565847089,-0.8782320055863836,2969.0,0
2024-10-18,36.0,12350.0,Los Angeles,Shanghai-LA,China,3.7,1.4704569236135336,-0.3156412933900821,2867.0,0.7149517149517153,-0.6911803816079614,3003.0,0
2024-10-19,38.0,9476.0,Los Angeles,Shanghai-LA,China,3.7,0.6844934917940005,-0.8679146191399856,1767.0,0.924322916666667,-0.13975571120114283,1920.0,0
2024-10-20,38.0,11393.0,Los Angeles,Shanghai-LA,China,3.7,0.7033039647577093,-0.02956221904499773,1362.0,1.1189057421451771,-0.06401347319533236,1846.0,0
2024-10-21,40.0,11270.0,Los Angeles,Shanghai-LA,China,3.7,1.0654488517745315,-0.515354636368905,2874.0,1.105943093162,-0.4397181296623624,4358.0,0
2024-10-22,37.0,14270.0,Los Angeles,Shanghai-LA,China,3.7,1.358516483516485,-0.3258702241707762,3640.0,1.4256448412698417,0.08512570410935147,4032.0,0
2024-10-23,38.0,12446.0,Los Angeles,Shanghai-LA,China,3.7,1.4500257731958759,-0.08964838605848963,3880.0,1.1798069187449698,0.26287625667272385,3729.0,0
2024-10-24,35.0,11240.0,Los Angeles,Shanghai-LA,China,3.7,1.4190996784565917,0.0041419194318496055,3110.0,1.2255945639864105,-0.4131910263490953,2649.0,0
2024-10-25,32.0,12159.0,Los Angeles,Shanghai-LA,China,3.7,1.4081756973388895,-0.5043737443984946,3119.0,1.4704569236135336,-0.3156412933900821,2867.0,0
2024-10-26,38.0,11879.0,Los Angeles,Shanghai-LA,China,3.7,1.0637515842839043,-0.5746574294256549,1578.0,0.6844934917940005,-0.8679146191399856,1767.0,0
2024-10-27,36.0,11795.0,Los Angeles,Shanghai-LA,China,3.7,1.2870875179340024,0.03562495344982208,1394.0,0.7033039647577093,-0.02956221904499773,1362.0,0
2024-10-28,41.0,8589.0,Los Angeles,Shanghai-LA,China,3.7,1.3541737649063021,-0.21421842636976923,2348.0,1.0654488517745315,-0.515354636368905,2874.0,0
2024-10-29,35.0,11876.0,Los Angeles,Shanghai-LA,China,3.7,1.2484808013355615,-0.461438633512134,2995.0,1.358516483516485,-0.3258702241707762,3640.0,0
2024-10-30,38.0,13118.0,Los Angeles,Shanghai-LA,China,3.7,1.4135511191772516,-0.5374616054962063,3306.0,1.4500257731958759,-0.08964838605848963,3880.0,0
2024-10-31,39.0,8906.0,Los Angeles,Shanghai-LA,China,3.7,1.3054063604240282,-0.3631446797224049,2830.0,1.4190996784565917,0.0041419194318496055,3110.0,0
2024-11-01,33.0,11062.0,Los Angeles,Shanghai-LA,China,3.7,1.128931487397941,-0.45337338385884807,2817.0,1.4081756973388895,-0.5043737443984946,3119.0,0
2024-11-02,29.0,8467.0,Los Angeles,Shanghai-LA,China,3.7,1.104970568999346,-0.38865326493034785,1529.0,1.0637515842839043,-0.5746574294256549,1578.0,0
2024-11-03,26.0,8864.0,Los Angeles,Shanghai-LA,China,3.7,1.3239590942293644,-0.38085315117483287,1369.0,1.2870875179340024,0.03562495344982208,1394.0,0
2024-11-04,31.0,9600.0,Los Angeles,Shanghai-LA,China,3.7,1.553733905579402,0.059369471668399176,2330.0,1.3541737649063021,-0.21421842636976923,2348.0,0
2024-11-05,38.0,11479.0,Los Angeles,Shanghai-LA,China,3.7,1.2754558716265498,0.16979739761123747,2742.0,1.2484808013355615,-0.461438633512134,2995.0,0
2024-11-06,40.0,10696.0,Los Angeles,Shanghai-LA,China,3.7,1.3376218323586773,0.359658775750491,3078.0,1.4135511191772516,-0.5374616054962063,3306.0,0
2024-11-07,40.0,12956.0,Los Angeles,Shanghai-LA,China,3.7,1.4818404157749931,0.4409823694555689,3271.0,1.3054063604240282,-0.3631446797224049,2830.0,0
2024-11-08,41.0,12450.0,Los Angeles,Shanghai-LA,China,3.7,1.6114294422432174,0.3676211250750808,3281.0,1.128931487397941,-0.45337338385884807,2817.0,0
2024-11-09,40.0,14342.0,Los Angeles,Shanghai-LA,China,3.7,1.487512487512487,0.2140480029214376,2002.0,1.104970568999346,-0.38865326493034785,1529.0,0
2024-11-10,38.0,12542.0,Los Angeles,Shanghai-LA,China,3.7,1.5767580452920158,0.05741133050929354,1678.0,1.3239590942293644,-0.38085315117483287,1369.0,0
2024-11-11,45.0,14348.0,Los Angeles,Shanghai-LA,China,3.7,1.711440829460137,0.2480116886433141,2797.0,1.553733905579402,0.059369471668399176,2330.0,0
2024-11-12,46.0,15070.0,Los Angeles,Shanghai-LA,China,3.7,1.2899410029498535,0.08134928964715404,3390.0,1.2754558716265498,0.16979739761123747,2742.0,0
2024-11-13,45.0,14540.0,Los Angeles,Shanghai-LA,China,3.7,1.404403100775194,-0.08124797860407701,3225.0,1.3376218323586773,0.359658775750491,3078.0,0
2024-11-14,37.0,11232.0,Los Angeles,Shanghai-LA,China,3.7,1.6044536817102124,-0.15759055905541658,3368.0,1.4818404157749931,0.4409823694555689,3271.0,0
2024-11-15,37.0,11652.0,Los Angeles,Shanghai-LA,China,3.7,1.786621032980709,0.08197457442264527,3214.0,1.6114294422432174,0.3676211250750808,3281.0,0
2024-11-16,36.0,11404.0,Los Angeles,Shanghai-LA,China,3.7,1.5189619087484307,-0.12791911813345735,2389.0,1.487512487512487,0.2140480029214376,2002.0,0
2024-11-17,34.0,9375.0,Los Angeles,Shanghai-LA,China,3.7,1.56092157731502,-0.6430517960686204,2257.0,1.5767580452920158,0.05741133050929354,1678.0,0
2024-11-18,44.0,13197.0,Los Angeles,Shanghai-LA,China,3.7,1.6695329670329646,-0.10856268164845334,3640.0,1.711440829460137,0.2480116886433141,2797.0,0
2024-11-19,49.0,15646.0,Los Angeles,Shanghai-LA,China,3.7,1.5351153039832277,-0.5364808345788494,3816.0,1.2899410029498535,0.08134928964715404,3390.0,0
2024-11-20,49.0,14544.0,Los Angeles,Shanghai-LA,China,3.7,1.494964616222103,-0.4302408501945081,3674.0,1.404403100775194,-0.08124797860407701,3225.0,0
2024-11-21,45.0,13983.0,Los Angeles,Shanghai-LA,China,3.7,1.36941833137485,-0.4146261734274434,3404.0,1.6044536817102124,-0.15759055905541658,3368.0,0
2024-11-22,44.0,12042.0,Los Angeles,Shanghai-LA,China,3.7,1.3178807947019848,-0.019281797864431578,2718.0,1.786621032980709,0.08197457442264527,3214.0,0
2024-11-23,42.0,10974.0,Los Angeles,Shanghai-LA,China,3.7,1.4682736156351803,-0.23725196539790677,1535.0,1.5189619087484307,-0.12791911813345735,2389.0,0
2024-11-24,34.0,10096.0,Los Angeles,Shanghai-LA,China,3.7,1.4669642857142875,-0.07978246978764159,1456.0,1.56092157731502,-0.6430517960686204,2257.0,0
2024-11-25,41.0,10938.0,Los Angeles,Shanghai-LA,China,3.7,1.4188629352137507,-0.04958089594037951,2269.0,1.6695329670329646,-0.10856268164845334,3640.0,0
2024-11-26,43.0,15635.0,Los Angeles,Shanghai-LA,China,3.7,1.29078631452581,-0.5339414128826696,3332.0,1.5351153039832277,-0.5364808345788494,3816.0,0
2024-11-27,50.0,15870.0,Los Angeles,Shanghai-LA,China,3.7,1.1523625310859358,-0.7382526613681026,3619.0,1.494964616222103,-0.4302408501945081,3674.0,0
2024-11-28,40.0,12471.0,Los Angeles,Shanghai-LA,China,3.7,1.026365795724465,-1.0043001477074978,3368.0,1.36941833137485,-0.4146261734274434,3404.0,0
2024-11-29,39.0,14853.0,Los Angeles,Shanghai-LA,China,3.7,1.0853751187084544,-0.8434015744744604,3159.0,1.3178807947019848,-0.019281797864431578,2718.0,0
2024-11-30,40.0,15542.0,Los Angeles,Shanghai-LA,China,3.7,1.1134794520547948,-0.5663704023317481,1825.0,1.4682736156351803,-0.23725196539790677,1535.0,0
2024-12-01,42.0,14707.0,Los Angeles,Shanghai-LA,China,3.7,1.0561470911086708,-0.1534389010565188,1822.0,1.4669642857142875,-0.07978246978764159,1456.0,0
2024-12-02,38.0,15951.0,Los Angeles,Shanghai-LA,China,3.7,1.4377245508982022,-0.31014864016778737,3173.0,1.4188629352137507,-0.04958089594037951,2269.0,0
2024-12-03,40.0,14204.0,Los Angeles,Shanghai-LA,China,3.7,1.3168723175965678,-0.8336960538465759,3728.0,1.29078631452581,-0.5339414128826696,3332.0,0
2024-12-04,43.0,11610.0,Los Angeles,Shanghai-LA,China,3.7,1.1336845367214143,-0.3739317995817851,3227.0,1.1523625310859358,-0.7382526613681026,3619.0,0
2024-12-05,40.0,11959.0,Los Angeles,Shanghai-LA,China,3.7,1.3753187316116393,-0.37741143835236146,3059.0,1.026365795724465,-1.0043001477074978,3368.0,0
2024-12-06,43.0,13979.0,Los Angeles,Shanghai-LA,China,3.7,1.1649142022635999,-0.42390835967317086,2739.0,1.0853751187084544,-0.8434015744744604,3159.0,0
2024-12-07,48.0,13760.0,Los Angeles,Shanghai-LA,China,3.7,0.808856783919597,-0.26543364460557006,1592.0,1.1134794520547948,-0.5663704023317481,1825.0,0
2024-12-08,44.0,16159.0,Los Angeles,Shanghai-LA,China,3.7,1.1020699500356894,-0.45749271889664245,1401.0,1.0561470911086708,-0.1534389010565188,1822.0,0
2024-12-09,47.0,12061.0,Los Angeles,Shanghai-LA,China,3.7,1.236647619047619,-0.16225170510950326,2625.0,1.4377245508982022,-0.31014864016778737,3173.0,0
2024-12-10,41.0,14548.0,Los Angeles,Shanghai-LA,China,3.7,0.6844845908607862,-0.7374339722778046,2823.0,1.3168723175965678,-0.8336960538465759,3728.0,0
2024-12-11,42.0,13790.0,Los Angeles,Shanghai-LA,China,3.7,0.7558865248226956,-0.6178693385000441,2820.0,1.1336845367214143,-0.3739317995817851,3227.0,0
2024-12-12,39.0,14284.0,Los Angeles,Shanghai-LA,China,3.7,1.1694121447028412,-0.35478040352520035,3096.0,1.3753187316116393,-0.37741143835236146,3059.0,0
2024-12-13,41.0,12551.0,Los Angeles,Shanghai-LA,China,3.7,1.127485380116957,0.010103182023662019,3249.0,1.1649142022635999,-0.42390835967317086,2739.0,0
2024-12-14,36.0,10689.0,Los Angeles,Shanghai-LA,China,3.7,1.2219565217391306,-0.13837276799679277,1840.0,0.808856783919597,-0.26543364460557006,1592.0,0
2024-12-15,39.0,12721.0,Los Angeles,Shanghai-LA,China,3.7,1.380949057920446,-0.23564694391447,1433.0,1.1020699500356894,-0.45749271889664245,1401.0,0
2024-12-16,39.0,11796.0,Los Angeles,Shanghai-LA,China,3.7,1.2596509598603833,-0.00583130461643333,2865.0,1.236647619047619,-0.16225170510950326,2625.0,0
2024-12-17,38.0,12318.0,Los Angeles,Shanghai-LA,China,3.7,1.2102622207834233,-0.22211130069734275,3089.0,0.6844845908607862,-0.7374339722778046,2823.0,0
2024-12-18,40.0,13674.0,Los Angeles,Shanghai-LA,China,3.7,1.2066097406704617,-0.3222927150076621,3162.0,0.7558865248226956,-0.6178693385000441,2820.0,0
2024-12-19,44.0,15371.0,Los Angeles,Shanghai-LA,China,3.7,1.210635538261997,-0.3094559639025525,3084.0,1.1694121447028412,-0.35478040352520035,3096.0,0
2024-12-20,40.0,12613.0,Los Angeles,Shanghai-LA,China,3.7,1.3255537190082638,-0.24114482123835268,3025.0,1.127485380116957,0.010103182023662019,3249.0,0
2024-12-21,40.0,12521.0,Los Angeles,Shanghai-LA,China,3.7,1.121844059405941,-0.48681181062121615,1616.0,1.2219565217391306,-0.13837276799679277,1840.0,0
2024-12-22,36.0,9256.0,Los Angeles,Shanghai-LA,China,3.7,0.9380222841225623,-0.32432718553250905,1436.0,1.380949057920446,-0.23564694391447,1433.0,0
2024-12-23,34.0,10081.0,Los Angeles,Shanghai-LA,China,3.7,0.9488342518016101,-0.13924607501594527,2359.0,1.2596509598603833,-0.00583130461643333,2865.0,0
2024-12-24,39.0,13393.0,Los Angeles,Shanghai-LA,China,3.7,1.2471653168175323,-0.4287874735807117,2099.0,1.2102622207834233,-0.22211130069734275,3089.0,0
2024-12-25,31.0,4573.0,Los Angeles,Shanghai-LA,China,3.7,1.5342653508771928,-0.7401052807301687,1824.0,1.2066097406704617,-0.3222927150076621,3162.0,0
2024-12-26,23.0,4655.0,Los Angeles,Shanghai-LA,China,3.7,1.2066115702479352,-0.244720859373719,2057.0,1.210635538261997,-0.3094559639025525,3084.0,0
2024-12-27,37.0,10328.0,Los Angeles,Shanghai-LA,China,3.7,0.7202587949858468,-0.6962416675787445,2473.0,1.3255537190082638,-0.24114482123835268,3025.0,0
2024-12-28,43.0,13162.0,Los Angeles,Shanghai-LA,China,3.7,1.1695428571428566,-0.24573226551339455,1750.0,1.121844059405941,-0.48681181062121615,1616.0,0
2024-12-29,39.0,12954.0,Los Angeles,Shanghai-LA,China,3.7,1.056732026143791,-0.685903611233136,1530.0,0.9380222841225623,-0.32432718553250905,1436.0,0
2024-12-30,36.0,13478.0,Los Angeles,Shanghai-LA,China,3.7,1.0679428044280441,-0.7527069477770776,2168.0,0.9488342518016101,-0.13924607501594527,2359.0,0
2024-12-31,40.0,14716.0,Los Angeles,Shanghai-LA,China,3.7,0.7901581027667993,-0.24786314284101552,2530.0,1.2471653168175323,-0.4287874735807117,2099.0,0
2025-01-01,35.0,11596.0,Los Angeles,Shanghai-LA,China,3.7,1.0364953886693022,-0.5146643268169773,1518.0,1.5342653508771928,-0.7401052807301687,1824.0,0
2025-01-02,44.0,13426.0,Los Angeles,Shanghai-LA,China,3.7,0.8084537185660781,-0.7462989902134973,1869.0,1.2066115702479352,-0.244720859373719,2057.0,0
2025-01-03,50.0,15860.0,Los Angeles,Shanghai-LA,China,3.7,1.110591133004925,-0.46064481270496493,2030.0,0.7202587949858468,-0.6962416675787445,2473.0,0
2025-01-04,48.0,15658.0,Los Angeles,Shanghai-LA,China,3.7,0.9601764335223686,-1.5096026039583261,1587.0,1.1695428571428566,-0.24573226551339455,1750.0,0
2025-01-05,46.0,15748.0,Los Angeles,Shanghai-LA,China,3.7,0.9029059829059828,-1.2945370166831682,1170.0,1.056732026143791,-0.685903611233136,1530.0,0
2025-01-06,43.0,12136.0,Los Angeles,Shanghai-LA,China,3.7,0.921686746987951,-1.0115278233283116,2158.0,1.0679428044280441,-0.7527069477770776,2168.0,0
2025-01-07,43.0,12496.0,Los Angeles,Shanghai-LA,China,3.7,1.1114032205060798,-1.3694011206025791,3043.0,0.7901581027667993,-0.24786314284101552,2530.0,0
2025-01-08,40.0,13408.0,Los Angeles,Shanghai-LA,China,3.7,1.1071224051539008,-0.9335089788317473,2794.0,1.0364953886693022,-0.5146643268169773,1518.0,0
2025-01-09,40.0,10256.0,Los Angeles,Shanghai-LA,China,3.7,1.1857545839210148,-0.3670536304386375,2836.0,0.8084537185660781,-0.7462989902134973,1869.0,0
2025-01-10,34.0,10908.0,Los Angeles,Shanghai-LA,China,3.7,1.2680858676207531,-0.6423185121292236,2795.0,1.110591133004925,-0.46064481270496493,2030.0,0
2025-01-11,42.0,13085.0,Los Angeles,Shanghai-LA,China,3.7,1.4071024189397836,-0.6726512071806908,1943.0,0.9601764335223686,-1.5096026039583261,1587.0,0
2025-01-12,40.0,12769.0,Los Angeles,Shanghai-LA,China,3.7,0.9939660590823396,-0.32366259762514904,1591.0,0.9029059829059828,-1.2945370166831682,1170.0,0
2025-01-13,38.0,10325.0,Los Angeles,Shanghai-LA,China,3.7,1.2388182498130131,-0.21206253960372967,2674.0,0.921686746987951,-1.0115278233283116,2158.0,0
2025-01-14,36.0,11752.0,Los Angeles,Shanghai-LA,China,3.7,1.2763181411974993,-0.8090262204301867,3357.0,1.1114032205060798,-1.3694011206025791,3043.0,0
2025-01-15,37.0,10653.0,Los Angeles,Shanghai-LA,China,3.7,1.2108068744538305,-0.4329863626490298,3433.0,1.1071224051539008,-0.9335089788317473,2794.0,0
2025-01-16,42.0,11811.0,Los Angeles,Shanghai-LA,China,3.7,1.1634402497871115,-0.19465394065365166,3523.0,1.1857545839210148,-0.3670536304386375,2836.0,0
2025-01-17,40.0,12309.0,Los Angeles,Shanghai-LA,China,3.7,1.2210570005534043,-0.25961173441366125,3614.0,1.2680858676207531,-0.6423185121292236,2795.0,0
2025-01-18,42.0,13258.0,Los Angeles,Shanghai-LA,China,3.7,1.1842857142857135,-0.12954293052050728,2030.0,1.4071024189397836,-0.6726512071806908,1943.0,0
2025-01-19,37.0,11925.0,Los Angeles,Shanghai-LA,China,3.7,0.967086614173228,-0.4413026898867328,1905.0,0.9939660590823396,-0.32366259762514904,1591.0,0
2025-01-20,33.0,11971.0,Los Angeles,Shanghai-LA,China,3.7,1.2089443261332529,0.045759942334266585,3287.0,1.2388182498130131,-0.21206253960372967,2674.0,0
2025-01-21,37.0,12077.0,Los Angeles,Shanghai-LA,China,3.7,1.5219086021505364,-0.25276614780520806,3720.0,1.2763181411974993,-0.8090262204301867,3357.0,0
2025-01-22,41.0,10736.0,Los Angeles,Shanghai-LA,China,3.7,1.1425456389452324,-0.535235522203221,3944.0,1.2108068744538305,-0.4329863626490298,3433.0,0
2025-01-23,36.0,9783.0,Los Angeles,Shanghai-LA,China,3.7,1.3057911392405062,-0.4394213868676187,3160.0,1.1634402497871115,-0.19465394065365166,3523.0,0
2025-01-24,30.0,9380.0,Los Angeles,Shanghai-LA,China,3.7,1.350072737852779,-0.2895974678364566,3437.0,1.2210570005534043,-0.25961173441366125,3614.0,0
2025-01-25,36.0,11576.0,Los Angeles,Shanghai-LA,China,3.7,0.4388772298006297,-0.235392782050661,1906.0,1.1842857142857135,-0.12954293052050728,2030.0,0
2025-01-26,35.0,11337.0,Los Angeles,Shanghai-LA,China,3.7,1.2224825523429717,0.1965794615307573,2006.0,0.967086614173228,-0.4413026898867328,1905.0,0
2025-01-27,39.0,13798.0,Los Angeles,Shanghai-LA,China,3.7,1.201862512698948,-0.2982526464980541,2953.0,1.2089443261332529,0.045759942334266585,3287.0,0
2025-01-28,39.0,14878.0,Los Angeles,Shanghai-LA,China,3.7,0.9463141993957717,0.1469269313062735,3310.0,1.5219086021505364,-0.25276614780520806,3720.0,0
2025-01-29,37.0,13577.0,Los Angeles,Shanghai-LA,China,3.7,1.1326184711172604,-0.12012338393990032,2891.0,1.1425456389452324,-0.535235522203221,3944.0,0
2025-01-30,41.0,14249.0,Los Angeles,Shanghai-LA,China,3.7,1.0551768214742219,-0.2874790144780494,2347.0,1.3057911392405062,-0.4394213868676187,3160.0,0
2025-01-31,43.0,15328.0,Los Angeles,Shanghai-LA,China,3.7,0.8239878925463492,-0.6214068740441316,2643.0,1.350072737852779,-0.2895974678364566,3437.0,0
2025-02-01,44.0,14277.0,Los Angeles,Shanghai-LA,China,3.7,1.0569604086845472,-0.5956740318037599,1566.0,0.4388772298006297,-0.235392782050661,1906.0,0
2025-02-02,40.0,15165.0,Los Angeles,Shanghai-LA,China,3.7,0.5890297684674756,-1.2770462883052718,1814.0,1.2224825523429717,0.1965794615307573,2006.0,0
2025-02-03,42.0,15335.0,Los Angeles,Shanghai-LA,China,3.7,0.9800605245460661,-0.8860257646753771,2974.0,1.201862512698948,-0.2982526464980541,2953.0,0
2025-02-04,43.0,15490.0,Los Angeles,Shanghai-LA,China,3.7,1.0722748815165877,-1.415016538550395,3798.0,0.9463141993957717,0.1469269313062735,3310.0,0
2025-02-05,42.0,12432.0,Los Angeles,Shanghai-LA,China,3.7,1.1293801985511145,-0.4528694815378219,3727.0,1.1326184711172604,-0.12012338393990032,2891.0,0
2025-02-06,46.0,11812.0,Los Angeles,Shanghai-LA,China,3.7,1.3876453488372102,-0.06151468422471529,3440.0,1.0551768214742219,-0.2874790144780494,2347.0,0
2025-02-07,42.0,13503.0,Los Angeles,Shanghai-LA,China,3.7,1.145204115499503,-0.5042317921310782,3013.0,0.8239878925463492,-0.6214068740441316,2643.0,0
2025-02-08,44.0,14497.0,Los Angeles,Shanghai-LA,China,3.7,1.2003052503052503,-0.5237765636733456,1638.0,1.0569604086845472,-0.5956740318037599,1566.0,0
2025-02-09,41.0,15227.0,Los Angeles,Shanghai-LA,China,3.7,1.3468992248062017,-0.605422709713328,1290.0,0.5890297684674756,-1.2770462883052718,1814.0,0
2025-02-10,38.0,15328.0,Los Angeles,Shanghai-LA,China,3.7,1.5204718417047163,-0.28801693214035473,2628.0,0.9800605245460661,-0.8860257646753771,2974.0,0
2025-02-11,38.0,13418.0,Los Angeles,Shanghai-LA,China,3.7,1.4396022481625603,-0.4728007927482274,2313.0,1.0722748815165877,-1.415016538550395,3798.0,0
2025-02-12,36.0,12076.0,Los Angeles,Shanghai-LA,China,3.7,1.137650477376503,-0.34520851912578177,2409.0,1.1293801985511145,-0.4528694815378219,3727.0,0
2025-02-13,32.0,12258.0,Los Angeles,Shanghai-LA,China,3.7,1.29211778703153,-0.8146038583730915,3362.0,1.3876453488372102,-0.06151468422471529,3440.0,0
2025-02-14,41.0,13842.0,Los Angeles,Shanghai-LA,China,3.7,1.3228180473372775,-0.8626771276950542,2704.0,1.145204115499503,-0.5042317921310782,3013.0,0
2025-02-15,45.0,15469.0,Los Angeles,Shanghai-LA,China,3.7,1.376561604584526,-0.6948770540138445,1745.0,1.2003052503052503,-0.5237765636733456,1638.0,0
2025-02-16,37.0,14810.0,Los Angeles,Shanghai-LA,China,3.7,1.5434872501722963,0.38788553424939926,1451.0,1.3468992248062017,-0.605422709713328,1290.0,0
2025-02-17,41.0,17078.0,Los Angeles,Shanghai-LA,China,3.7,1.292936288088641,-0.6244588214687182,2888.0,1.5204718417047163,-0.28801693214035473,2628.0,0
2025-02-18,44.0,16856.0,Los Angeles,Shanghai-LA,China,3.7,1.4939824205544294,-0.36283663391061516,2958.0,1.4396022481625603,-0.4728007927482274,2313.0,0
2025-02-19,41.0,15602.0,Los Angeles,Shanghai-LA,China,3.7,1.3131835205992526,-0.9208851816459689,2670.0,1.137650477376503,-0.34520851912578177,2409.0,0
2025-02-20,39.0,13943.0,Los Angeles,Shanghai-LA,China,3.7,1.23705440900563,-0.6590630060608481,3198.0,1.29211778703153,-0.8146038583730915,3362.0,0
2025-02-21,43.0,14969.0,Los Angeles,Shanghai-LA,China,3.7,1.0627870887647433,-0.6896507061419347,3222.0,1.3228180473372775,-0.8626771276950542,2704.0,0
2025-02-22,45.0,14010.0,Los Angeles,Shanghai-LA,China,3.7,0.9565451285116559,-0.6088030873884603,1673.0,1.376561604584526,-0.6948770540138445,1745.0,0
2025-02-23,41.0,13560.0,Los Angeles,Shanghai-LA,China,3.7,0.7698855507868387,-1.0205938835674038,1398.0,1.5434872501722963,0.38788553424939926,1451.0,0
2025-02-24,35.0,11721.0,Los Angeles,Shanghai-LA,China,3.7,1.5089650145772593,-0.2192394332591793,2744.0,1.292936288088641,-0.6244588214687182,2888.0,0
2025-02-25,41.0,13442.0,Los Angeles,Shanghai-LA,China,3.7,1.1078214285714285,-0.8326095267070768,2800.0,1.4939824205544294,-0.36283663391061516,2958.0,0
2025-02-26,42.0,16651.0,Los Angeles,Shanghai-LA,China,3.7,1.0868899180619878,-0.5754219811371001,2807.0,1.3131835205992526,-0.9208851816459689,2670.0,0
2025-02-27,40.0,16103.0,Los Angeles,Shanghai-LA,China,3.7,0.8995193958118778,-1.7442392761718188,2913.0,1.23705440900563,-0.6590630060608481,3198.0,0
2025-02-28,45.0,15500.0,Los Angeles,Shanghai-LA,China,3.7,1.0831269349845192,-1.274927895713556,3230.0,1.0627870887647433,-0.6896507061419347,3222.0,0
2025-03-01,37.0,13874.0,Los Angeles,Shanghai-LA,China,3.7,1.266269841269842,-0.7544326358147226,1512.0,0.9565451285116559,-0.6088030873884603,1673.0,0
2025-03-02,38.0,12048.0,Los Angeles,Shanghai-LA,China,3.7,1.159808195292067,-0.47340302792153655,1147.0,0.7698855507868387,-1.0205938835674038,1398.0,0
2025-03-03,35.0,15203.0,Los Angeles,Shanghai-LA,China,3.7,1.5027472527472534,-0.6229383344223353,2184.0,1.5089650145772593,-0.2192394332591793,2744.0,0
2025-03-04,37.0,14400.0,Los Angeles,Shanghai-LA,China,3.7,1.1382440971067491,-1.0511991040813953,3007.0,1.1078214285714285,-0.8326095267070768,2800.0,0
2025-03-05,36.0,12682.0,Los Angeles,Shanghai-LA,China,3.7,0.7535509217286201,-1.3363300218552112,3309.0,1.0868899180619878,-0.5754219811371001,2807.0,0
2025-03-06,39.0,12402.0,Los Angeles,Shanghai-LA,China,3.7,0.899317528735633,-1.1295173126023532,2784.0,0.8995193958118778,-1.7442392761718188,2913.0,0
2025-03-07,39.0,12709.0,Los Angeles,Shanghai-LA,China,3.7,1.0328084832904882,-1.068051345235271,3112.0,1.0831269349845192,-1.274927895713556,3230.0,0
2025-03-08,34.0,9862.0,Los Angeles,Shanghai-LA,China,3.7,0.34144092219020183,-1.2148414965416416,1735.0,1.266269841269842,-0.7544326358147226,1512.0,0
2025-03-09,32.0,10514.0,Los Angeles,Shanghai-LA,China,3.7,1.4600231749710313,-0.8883625735004473,1726.0,1.159808195292067,-0.47340302792153655,1147.0,0
2025-03-10,35.0,11608.0,Los Angeles,Shanghai-LA,China,3.7,1.262038404726738,-0.6942908721959358,2708.0,1.5027472527472534,-0.6229383344223353,2184.0,0
2025-03-11,35.0,10628.0,Los Angeles,Shanghai-LA,China,3.7,1.0924512650352547,-0.7156715756123248,2411.0,1.1382440971067491,-1.0511991040813953,3007.0,0
2025-03-12,34.0,10178.0,Los Angeles,Shanghai-LA,China,3.7,1.4482579094913905,-0.8080628747226715,2497.0,0.7535509217286201,-1.3363300218552112,3309.0,0
2025-03-13,37.0,11736.0,Los Angeles,Shanghai-LA,China,3.7,1.7621787025703803,-0.7516622570231325,2451.0,0.899317528735633,-1.1295173126023532,2784.0,0
2025-03-14,40.0,12096.0,Los Angeles,Shanghai-LA,China,3.7,1.725661375661377,-1.0154301912095127,3024.0,1.0328084832904882,-1.068051345235271,3112.0,0
2025-03-15,37.0,13681.0,Los Angeles,Shanghai-LA,China,3.7,1.1815742397137738,-1.5292661286674898,1677.0,0.34144092219020183,-1.2148414965416416,1735.0,0
2025-03-16,38.0,12049.0,Los Angeles,Shanghai-LA,China,3.7,1.1309290953545221,-0.49371092498744074,1636.0,1.4600231749710313,-0.8883625735004473,1726.0,0
2025-03-17,37.0,13234.0,Los Angeles,Shanghai-LA,China,3.7,1.5133593749999976,-0.755712363648704,2560.0,1.262038404726738,-0.6942908721959358,2708.0,0
2025-03-18,40.0,15501.0,Los Angeles,Shanghai-LA,China,3.7,1.3674642738451288,-1.2434688990500582,3009.0,1.0924512650352547,-0.7156715756123248,2411.0,0
2025-03-19,40.0,12590.0,Los Angeles,Shanghai-LA,China,3.7,1.121756707092981,-0.90189426157014,2721.0,1.4482579094913905,-0.8080628747226715,2497.0,0
2025-03-20,36.0,12015.0,Los Angeles,Shanghai-LA,China,3.7,0.8222690551457678,-0.8470802173346534,2847.0,1.7621787025703803,-0.7516622570231325,2451.0,0
2025-03-21,35.0,11344.0,Los Angeles,Shanghai-LA,China,3.7,1.2018137425880706,-0.8824855514220333,2867.0,1.725661375661377,-1.0154301912095127,3024.0,0
2025-03-22,37.0,13591.0,Los Angeles,Shanghai-LA,China,3.7,1.6766744730679144,-0.19918848769384379,2135.0,1.1815742397137738,-1.5292661286674898,1677.0,0
2025-03-23,39.0,14315.0,Los Angeles,Shanghai-LA,China,3.7,1.646315789473686,0.02079180649612969,1805.0,1.1309290953545221,-0.49371092498744074,1636.0,0
2025-03-24,35.0,10976.0,Los Angeles,Shanghai-LA,China,3.7,1.4517992736876861,-0.19272546941922003,3029.0,1.5133593749999976,-0.755712363648704,2560.0,0
2025-03-25,35.0,10666.0,Los Angeles,Shanghai-LA,China,3.7,1.1269749518304448,-0.6429013759097623,3114.0,1.3674642738451288,-1.2434688990500582,3009.0,0
2025-03-26,36.0,12084.0,Los Angeles,Shanghai-LA,China,3.7,1.5386065835730274,-0.43049138473407356,3129.0,1.121756707092981,-0.90189426157014,2721.0,0
2025-03-27,39.0,12206.0,Los Angeles,Shanghai-LA,China,3.7,1.437391841779974,-0.3727355633410202,3236.0,0.8222690551457678,-0.8470802173346534,2847.0,0
2025-03-28,37.0,13413.0,Los Angeles,Shanghai-LA,China,3.7,1.2847638847638856,-0.03762658476266678,3367.0,1.2018137425880706,-0.8824855514220333,2867.0,0
2025-03-29,35.0,12736.0,Los Angeles,Shanghai-LA,China,3.7,1.9255697609783216,-0.5380541295310992,1799.0,1.6766744730679144,-0.19918848769384379,2135.0,0
2025-03-30,33.0,11180.0,Los Angeles,Shanghai-LA,China,3.7,2.1443973349485135,-0.6841637894437645,1651.0,1.646315789473686,0.02079180649612969,1805.0,0
2025-03-31,34.0,12434.0,Los Angeles,Shanghai-LA,China,3.7,1.6067104303428126,-0.9288958353431106,2742.0,1.4517992736876861,-0.19272546941922003,3029.0,0
2025-04-01,39.0,14091.0,Los Angeles,Shanghai-LA,China,3.7,1.16170157745022,-1.0999914284043064,3867.0,1.1269749518304448,-0.6429013759097623,3114.0,0
2025-04-02,41.0,14502.0,Los Angeles,Shanghai-LA,China,3.7,0.708745031232255,-1.1176899955845174,3522.0,1.5386065835730274,-0.43049138473407356,3129.0,0
2025-04-03,43.0,13249.0,Los Angeles,Shanghai-LA,China,3.7,1.3729990657116167,-1.2859175470188486,3211.0,1.437391841779974,-0.3727355633410202,3236.0,0
2025-04-04,38.0,13553.0,Los Angeles,Shanghai-LA,China,3.7,1.007165837964317,-1.4691962406663186,3419.0,1.2847638847638856,-0.03762658476266678,3367.0,0
2025-04-05,44.0,15541.0,Los Angeles,Shanghai-LA,China,3.7,1.0754515296719498,-0.663726540815832,2713.0,1.9255697609783216,-0.5380541295310992,1799.0,0
2025-04-06,40.0,14296.0,Los Angeles,Shanghai-LA,China,3.7,1.1096942094990232,-0.7258986117673709,1537.0,2.1443973349485135,-0.6841637894437645,1651.0,0
2025-04-07,39.0,12943.0,Los Angeles,Shanghai-LA,China,3.7,1.298583842935306,-1.1204761407389117,3107.0,1.6067104303428126,-0.9288958353431106,2742.0,0
2025-04-08,38.0,12575.0,Los Angeles,Shanghai-LA,China,3.7,0.4843574297188753,-1.9687873173137542,4980.0,1.16170157745022,-1.0999914284043064,3867.0,0
2025-04-09,40.0,13669.0,Los Angeles,Shanghai-LA,China,3.7,0.5818354430379737,-2.3373778605946667,6320.0,0.708745031232255,-1.1176899955845174,3522.0,0
2025-04-10,41.0,13992.0,Los Angeles,Shanghai-LA,China,3.7,0.6313934574371953,-2.046364170073375,5533.0,1.3729990657116167,-1.2859175470188486,3211.0,0
2025-04-11,44.0,14390.0,Los Angeles,Shanghai-LA,China,3.7,1.2606253734315858,-1.2647225477815152,5021.0,1.007165837964317,-1.4691962406663186,3419.0,0
2025-04-12,39.0,14582.0,Los Angeles,Shanghai-LA,China,3.7,1.1078520196300499,-1.0165832741598595,2649.0,1.0754515296719498,-0.663726540815832,2713.0,0
2025-04-13,40.0,10802.0,Los Angeles,Shanghai-LA,China,3.7,1.3392670157068074,-0.9257576743774408,2101.0,1.1096942094990232,-0.7258986117673709,1537.0,0
2025-04-14,38.0,11565.0,Los Angeles,Shanghai-LA,China,3.7,1.5222470904207694,-0.0838422490740603,4468.0,1.298583842935306,-1.1204761407389117,3107.0,0
2025-04-15,46.0,16117.0,Los Angeles,Shanghai-LA,China,3.7,1.3029903254177648,-0.6905758184878553,4548.0,0.4843574297188753,-1.9687873173137542,4980.0,0
2025-04-16,44.0,15570.0,Los Angeles,Shanghai-LA,China,3.7,1.2810152057245097,-0.4516765606860821,4472.0,0.5818354430379737,-2.3373778605946667,6320.0,0
2025-04-17,43.0,13820.0,Los Angeles,Shanghai-LA,China,3.7,1.4253898528442792,-0.319417002297786,4553.0,0.6313934574371953,-2.046364170073375,5533.0,0
2025-04-18,44.0,14730.0,Los Angeles,Shanghai-LA,China,3.7,1.3468435273888468,-0.7683888709812088,4071.0,1.2606253734315858,-1.2647225477815152,5021.0,0
2025-04-19,38.0,13642.0,Los Angeles,Shanghai-LA,China,3.7,1.6962686567164176,-0.5181099567243221,2412.0,1.1078520196300499,-1.0165832741598595,2649.0,0
2025-04-20,34.0,12252.0,Los Angeles,Shanghai-LA,China,3.7,1.3432729269632058,-0.8499949870311452,1821.0,1.3392670157068074,-0.9257576743774408,2101.0,0
2025-04-21,39.0,13417.0,Los Angeles,Shanghai-LA,China,3.7,1.236071428571429,-0.6918551649088667,3640.0,1.5222470904207694,-0.0838422490740603,4468.0,0
2025-04-22,44.0,15544.0,Los Angeles,Shanghai-LA,China,3.7,1.5690370370370375,-0.8026195862301204,4050.0,1.3029903254177648,-0.6905758184878553,4548.0,0
2025-04-23,46.0,13761.0,Los Angeles,Shanghai-LA,China,3.7,1.4443792325056406,-0.7286923840388623,4430.0,1.2810152057245097,-0.4516765606860821,4472.0,0
2025-04-24,41.0,10861.0,Los Angeles,Shanghai-LA,China,3.7,1.515977489601174,-0.4731482317031995,4087.0,1.4253898528442792,-0.319417002297786,4553.0,0
2025-04-25,42.0,13400.0,Los Angeles,Shanghai-LA,China,3.7,1.516849424979943,-0.4990713953984263,3739.0,1.3468435273888468,-0.7683888709812088,4071.0,0
2025-04-26,37.0,10577.0,Los Angeles,Shanghai-LA,China,3.7,1.3306142506142506,-0.4604703431595178,2035.0,1.6962686567164176,-0.5181099567243221,2412.0,0
2025-04-27,36.0,10025.0,Los Angeles,Shanghai-LA,China,3.7,0.8381087470449169,-1.0718456889603765,2115.0,1.3432729269632058,-0.8499949870311452,1821.0,0
2025-04-28,36.0,9395.0,Los Angeles,Shanghai-LA,China,3.7,1.1791297340854139,-0.7685963146651885,3723.0,1.236071428571429,-0.6918551649088667,3640.0,0
2025-04-29,33.0,11902.0,Los Angeles,Shanghai-LA,China,3.7,1.305449936628643,-0.6067777852994418,3945.0,1.5690370370370375,-0.8026195862301204,4050.0,0
2025-04-30,37.0,13128.0,Los Angeles,Shanghai-LA,China,3.7,1.2682409127089413,-0.6837942884364983,3769.0,1.4443792325056406,-0.7286923840388623,4430.0,0
2025-05-01,34.0,11540.0,Los Angeles,Shanghai-LA,China,3.7,1.1968998109640825,-0.9237392343397719,2645.0,1.515977489601174,-0.4731482317031995,4087.0,0
2025-05-02,36.0,11594.0,Los Angeles,Shanghai-LA,China,3.7,1.2408702119747121,-1.2679615337005181,2689.0,1.516849424979943,-0.4990713953984263,3739.0,0
2025-05-03,38.0,12616.0,Los Angeles,Shanghai-LA,China,3.7,1.15879556259905,-0.5954787856544064,1894.0,1.3306142506142506,-0.4604703431595178,2035.0,0
2025-05-04,33.0,13378.0,Los Angeles,Shanghai-LA,China,3.7,1.3733701657458566,-0.9885881518976113,1810.0,0.8381087470449169,-1.0718456889603765,2115.0,0
2025-05-05,39.0,13050.0,Los Angeles,Shanghai-LA,China,3.7,1.2287403179779859,-1.0780079078627018,2453.0,1.1791297340854139,-0.7685963146651885,3723.0,0
2025-05-06,38.0,11717.0,Los Angeles,Shanghai-LA,China,3.7,1.381590234246123,-0.8427482371813698,3031.0,1.305449936628643,-0.6067777852994418,3945.0,0
2025-05-07,36.0,12908.0,Los Angeles,Shanghai-LA,China,3.7,1.6679061531651187,-1.174064996855793,4518.0,1.2682409127089413,-0.6837942884364983,3769.0,0
2025-05-08,35.0,11282.0,Los Angeles,Shanghai-LA,China,3.7,1.4801507537688452,-0.9434244148415636,3980.0,1.1968998109640825,-0.9237392343397719,2645.0,0
2025-05-09,30.0,10115.0,Los Angeles,Shanghai-LA,China,3.7,1.6152771618625261,-0.6453067869140803,4510.0,1.2408702119747121,-1.2679615337005181,2689.0,0
2025-05-10,31.0,9305.0,Los Angeles,Shanghai-LA,China,3.7,1.8366302864938602,-0.7604114392221738,2932.0,1.15879556259905,-0.5954787856544064,1894.0,0
2025-05-11,28.0,9387.0,Los Angeles,Shanghai-LA,China,3.7,1.7652411994784876,0.36227206960440467,3835.0,1.3733701657458566,-0.9885881518976113,1810.0,0
2025-05-12,26.0,9565.0,Los Angeles,Shanghai-LA,China,3.7,1.8739090491502068,0.03698081052533986,4354.0,1.2287403179779859,-1.0780079078627018,2453.0,0
2025-05-13,31.0,10642.0,Los Angeles,Shanghai-LA,China,3.7,1.8113608298345263,-0.12108839866226147,4049.0,1.381590234246123,-0.8427482371813698,3031.0,0
2025-05-14,34.0,11173.0,Los Angeles,Shanghai-LA,China,3.7,1.8505912596401037,0.02726860706009015,3890.0,1.6679061531651187,-1.174064996855793,4518.0,0
2025-05-15,32.0,9009.0,Los Angeles,Shanghai-LA,China,3.7,1.4420994168286585,-0.21157643280868263,3601.0,1.4801507537688452,-0.9434244148415636,3980.0,0
2025-05-16,32.0,9982.0,Los Angeles,Shanghai-LA,China,3.7,1.373567119155354,-0.2855122712553745,2652.0,1.6152771618625261,-0.6453067869140803,4510.0,0
2025-05-17,36.0,11373.0,Los Angeles,Shanghai-LA,China,3.7,1.4766931055521686,-0.343650501122873,1639.0,1.8366302864938602,-0.7604114392221738,2932.0,0
2025-05-18,37.0,12039.0,Los Angeles,Shanghai-LA,China,3.7,1.6033908754623918,-0.5734172601420756,1622.0,1.7652411994784876,0.36227206960440467,3835.0,0
2025-05-19,32.0,10910.0,Los Angeles,Shanghai-LA,China,3.7,1.7248540706605224,-0.37453865914717754,3255.0,1.8739090491502068,0.03698081052533986,4354.0,0
2025-05-20,39.0,12437.0,Los Angeles,Shanghai-LA,China,3.7,1.718810617662076,0.27915975047358965,3918.0,1.8113608298345263,-0.12108839866226147,4049.0,0
2025-05-21,40.0,15938.0,Los Angeles,Shanghai-LA,China,3.7,1.3872454949684057,0.4597790247117601,4273.0,1.8505912596401037,0.02726860706009015,3890.0,0
2025-05-22,37.0,12285.0,Los Angeles,Shanghai-LA,China,3.7,1.265846762793328,-0.11613038451595722,3537.0,1.4420994168286585,-0.21157643280868263,3601.0,0
2025-05-23,36.0,12057.0,Los Angeles,Shanghai-LA,China,3.7,1.529940119760481,0.010705100223166588,3841.0,1.373567119155354,-0.2855122712553745,2652.0,0
2025-05-24,37.0,11735.0,Los Angeles,Shanghai-LA,China,3.7,1.4774013722126944,0.30977970522566095,2332.0,1.4766931055521686,-0.343650501122873,1639.0,0
2025-05-25,37.0,12031.0,Los Angeles,Shanghai-LA,China,3.7,1.5079518072289153,0.7681513155048114,1660.0,1.6033908754623918,-0.5734172601420756,1622.0,0
2025-05-26,34.0,11600.0,Los Angeles,Shanghai-LA,China,3.7,1.3012889688249396,0.38654754316289575,3336.0,1.7248540706605224,-0.37453865914717754,3255.0,0
2025-05-27,38.0,7309.0,Los Angeles,Shanghai-LA,China,3.7,1.5739292900258703,0.07557068282352855,3479.0,1.718810617662076,0.27915975047358965,3918.0,0
2025-05-28,36.0,13032.0,Los Angeles,Shanghai-LA,China,3.7,1.350419603893924,-0.20829451598400872,2979.0,1.3872454949684057,0.4597790247117601,4273.0,0
2025-05-29,36.0,12886.0,Los Angeles,Shanghai-LA,China,3.7,1.0503836317135555,-1.1480226765855115,3910.0,1.265846762793328,-0.11613038451595722,3537.0,0
2025-05-30,33.0,11296.0,Los Angeles,Shanghai-LA,China,3.7,1.407230522945571,-0.6968708366838033,3748.0,1.529940119760481,0.010705100223166588,3841.0,0
2025-05-31,28.0,9128.0,Los Angeles,Shanghai-LA,China,3.7,0.7363369245837416,-0.705036211385395,3063.0,1.4774013722126944,0.30977970522566095,2332.0,0
2025-06-01,26.0,7700.0,Los Angeles,Shanghai-LA,China,3.7,0.6265198659645761,-1.4738814323261178,2089.0,1.5079518072289153,0.7681513155048114,1660.0,0
2025-06-02,25.0,8734.0,Los Angeles,Shanghai-LA,China,3.7,0.7347020348837195,-1.3533445564801336,2752.0,1.3012889688249396,0.38654754316289575,3336.0,0
2025-06-03,29.0,9479.0,Los Angeles,Shanghai-LA,China,3.7,0.9289281598155978,-1.6876424394923915,2603.0,1.5739292900258703,0.07557068282352855,3479.0,0
2025-06-04,28.0,9169.0,Los Angeles,Shanghai-LA,China,3.7,0.9177682403433473,-1.4020955411853808,3495.0,1.350419603893924,-0.20829451598400872,2979.0,0
2025-06-05,29.0,8896.0,Los Angeles,Shanghai-LA,China,3.7,1.1592938430113802,-1.358370576993698,3427.0,1.0503836317135555,-1.1480226765855115,3910.0,0
2025-06-06,34.0,12294.0,Los Angeles,Shanghai-LA,China,3.7,1.193476234855546,-0.9475759622347103,3219.0,1.407230522945571,-0.6968708366838033,3748.0,0
2025-06-07,35.0,11375.0,Los Angeles,Shanghai-LA,China,3.7,1.387248322147652,-1.075281832342797,1937.0,0.7363369245837416,-0.705036211385395,3063.0,0
2025-06-08,29.0,8682.0,Los Angeles,Shanghai-LA,China,3.7,1.2766250820748528,-1.0303036248497282,1523.0,0.6265198659645761,-1.4738814323261178,2089.0,0
2025-06-09,30.0,9096.0,Los Angeles,Shanghai-LA,China,3.7,1.5786634180299335,-1.048422955641525,2873.0,0.7347020348837195,-1.3533445564801336,2752.0,0
2025-06-10,31.0,10918.0,Los Angeles,Shanghai-LA,China,3.7,1.3999999999999992,-0.7503160639121744,3136.0,0.9289281598155978,-1.6876424394923915,2603.0,0
2025-06-11,38.0,12250.0,Los Angeles,Shanghai-LA,China,3.7,1.7118196811434852,0.059383887381454115,3638.0,0.9177682403433473,-1.4020955411853808,3495.0,0
2025-06-12,43.0,12652.0,Los Angeles,Shanghai-LA,China,3.7,1.5569462227912951,-0.030116042590020875,3124.0,1.1592938430113802,-1.358370576993698,3427.0,0
2025-06-13,37.0,13462.0,Los Angeles,Shanghai-LA,China,3.7,1.398398091342878,-0.9653919771042553,2934.0,1.193476234855546,-0.9475759622347103,3219.0,0
2025-06-14,38.0,12586.0,Los Angeles,Shanghai-LA,China,3.7,1.1112741312741334,-1.0677445200939844,1295.0,1.387248322147652,-1.075281832342797,1937.0,0
2025-06-15,33.0,11316.0,Los Angeles,Shanghai-LA,China,3.7,1.1024516206007147,-1.0489599294939922,1397.4444444444443,1.2766250820748528,-1.0303036248497282,1523.0,0
2025-06-16,32.0,10002.0,Los Angeles,Shanghai-LA,China,3.7,1.093629109927296,-1.030175338894,1499.888888888889,1.5786634180299335,-1.048422955641525,2873.0,0
2025-06-17,35.0,11797.0,Los Angeles,Shanghai-LA,China,3.7,1.0848065992538771,-1.011390748294008,1602.3333333333333,1.3999999999999992,-0.7503160639121744,3136.0,0
2025-06-18,39.0,12616.0,Los Angeles,Shanghai-LA,China,3.7,1.0759840885804584,-0.9926061576940158,1704.7777777777778,1.7118196811434852,0.059383887381454115,3638.0,0
2025-06-19,38.0,13208.0,Los Angeles,Shanghai-LA,China,3.7,1.0671615779070396,-0.9738215670940238,1807.2222222222222,1.5569462227912951,-0.030116042590020875,3124.0,0
2025-06-20,40.0,14330.0,Los Angeles,Shanghai-LA,China,3.7,1.0583390672336208,-0.9550369764940316,1909.6666666666665,1.398398091342878,-0.9653919771042553,2934.0,0
2025-06-21,44.0,14236.0,Los Angeles,Shanghai-LA,China,3.7,1.049516556560202,-0.9362523858940395,2012.111111111111,1.1112741312741334,-1.0677445200939844,1295.0,0
2025-06-22,41.0,13170.0,Los Angeles,Shanghai-LA,China,3.7,1.0406940458867833,-0.9174677952940474,2114.5555555555557,1.1024516206007147,-1.0489599294939922,1397.4444444444443,0
2025-06-23,39.0,12017.0,Los Angeles,Shanghai-LA,China,3.7,1.0318715352133645,-0.8986832046940553,2217.0,1.093629109927296,-1.030175338894,1499.888888888889,0
2025-06-24,38.0,12557.0,Los Angeles,Shanghai-LA,China,3.7,1.0230490245399457,-0.8798986140940632,2319.4444444444443,1.0848065992538771,-1.011390748294008,1602.3333333333333,0
2025-06-25,45.0,13592.0,Los Angeles,Shanghai-LA,China,3.7,1.014226513866527,-0.8611140234940711,2421.8888888888887,1.0759840885804584,-0.9926061576940158,1704.7777777777778,0
2025-06-26,41.0,13313.0,Los Angeles,Shanghai-LA,China,3.7,1.0054040031931082,-0.8423294328940789,2524.333333333333,1.0671615779070396,-0.9738215670940238,1807.2222222222222,0
2025-06-27,44.0,13619.0,Los Angeles,Shanghai-LA,China,3.7,0.9965814925196893,-0.8235448422940868,2626.777777777778,1.0583390672336208,-0.9550369764940316,1909.6666666666665,0
2025-06-28,42.0,14685.0,Los Angeles,Shanghai-LA,China,3.7,0.9877589818462705,-0.8047602516940947,2729.222222222222,1.049516556560202,-0.9362523858940395,2012.111111111111,0
2025-06-29,41.0,15237.0,Los Angeles,Shanghai-LA,China,3.7,0.9789364711728518,-0.7859756610941026,2831.666666666667,1.0406940458867833,-0.9174677952940474,2114.5555555555557,0
2025-06-30,47.0,16404.0,Los Angeles,Shanghai-LA,China,3.7,0.970113960499433,-0.7671910704941105,2934.1111111111113,1.0318715352133645,-0.8986832046940553,2217.0,0
